"Project","ScanDate","DependencyName","DependencyPath","Description","License","Md5","Sha1","Identifiers","CPE","CVE","CWE","Vulnerability","Source","CVSSv2_Severity","CVSSv2_Score","CVSSv2","CVSSv3_BaseSeverity","CVSSv3_BaseScore","CVSSv3","CPE Confidence","Evidence Count","VendorProject","Product","Name","DateAdded","ShortDescription","RequiredAction","DueDate","Notes"
kafka,"Thu, 20 Jun 2024 10:25:14 +0800",kafka_2.12-2.4.0.tgz: kafka_2.12-2.4.0.tar: connect-api-2.4.0.jar,/home/bes/software/components/kafka_2.12-2.4.0.tgz/kafka_2.12-2.4.0.tar/kafka_2.12-2.4.0/libs/connect-api-2.4.0.jar,"","",0af2b9baeec03b3d02f203a3685a7202,b2705faee9760eb74ab7d1b63b7063eba503f6e4,"","cpe:2.3:a:apache:kafka:2.4.0:*:*:*:*:*:*:*, cpe:2.3:a:apache:kafka_connect:2.4.0:*:*:*:*:*:*:*",CVE-2023-25194,CWE-502 Deserialization of Untrusted Data,"A possible security vulnerability has been identified in Apache Kafka Connect API. This requires access to a Kafka Connect worker, and the ability to create/modify connectors on it with an arbitrary Kafka client SASL JAAS config and a SASL-based security protocol, which has been possible on Kafka Connect clusters since Apache Kafka Connect 2.3.0. When configuring the connector via the Kafka Connect REST API, an��authenticated operator��can set the `sasl.jaas.config` property for any of the connector's Kafka clients��to ""com.sun.security.auth.module.JndiLoginModule"", which can be done via the `producer.override.sasl.jaas.config`, `consumer.override.sasl.jaas.config`, or `admin.override.sasl.jaas.config` properties. This will allow the server to connect to the attacker's LDAP server and deserialize the LDAP response, which the attacker can use to execute java deserialization gadget chains on the Kafka connect server. Attacker can cause unrestricted deserialization of untrusted data (or)��RCE vulnerability when there are gadgets in the classpath.  Since Apache Kafka 3.0.0, users are allowed to specify these properties in connector configurations for Kafka Connect clusters running with out-of-the-box configurations. Before Apache Kafka 3.0.0, users may not specify these properties unless the Kafka Connect cluster has been reconfigured with a connector client override policy that permits them.  Since Apache Kafka 3.4.0, we have added a system property (""-Dorg.apache.kafka.disallowed.login.modules"") to disable the problematic login modules usage in SASL JAAS configuration. Also by default ""com.sun.security.auth.module.JndiLoginModule"" is disabled in Apache Kafka Connect 3.4.0.   We advise the Kafka Connect users to validate connector configurations and only allow trusted JNDI configurations. Also examine connector dependencies for  vulnerable versions and either upgrade their connectors, upgrading that specific dependency, or removing the connectors as options for remediation. Finally, in addition to leveraging the ""org.apache.kafka.disallowed.login.modules"" system property, Kafka Connect users can also implement their own connector client config override policy, which can be used to control which Kafka client properties can be overridden directly in a connector config and which cannot.",NVD,"","","",HIGH,8.8,CVSS:3.1/AV:N/AC:L/PR:L/UI:N/S:U/C:H/I:H/A:H/E:2.8/RC:R/MAV:A,"",9,"","","","","","","",""
kafka,"Thu, 20 Jun 2024 10:25:14 +0800",kafka_2.12-2.4.0.tgz: kafka_2.12-2.4.0.tar: connect-api-2.4.0.jar,/home/bes/software/components/kafka_2.12-2.4.0.tgz/kafka_2.12-2.4.0.tar/kafka_2.12-2.4.0/libs/connect-api-2.4.0.jar,"","",0af2b9baeec03b3d02f203a3685a7202,b2705faee9760eb74ab7d1b63b7063eba503f6e4,"","cpe:2.3:a:apache:kafka:2.4.0:*:*:*:*:*:*:*, cpe:2.3:a:apache:kafka_connect:2.4.0:*:*:*:*:*:*:*",CVE-2021-38153,CWE-203 Observable Discrepancy,"Some components in Apache Kafka use `Arrays.equals` to validate a password or key, which is vulnerable to timing attacks that make brute force attacks for such credentials more likely to be successful. Users should upgrade to 2.8.1 or higher, or 3.0.0 or higher where this vulnerability has been fixed. The affected versions include Apache Kafka 2.0.0, 2.0.1, 2.1.0, 2.1.1, 2.2.0, 2.2.1, 2.2.2, 2.3.0, 2.3.1, 2.4.0, 2.4.1, 2.5.0, 2.5.1, 2.6.0, 2.6.1, 2.6.2, 2.7.0, 2.7.1, and 2.8.0.",NVD,MEDIUM,4.3,/AV:N/AC:M/Au:N/C:P/I:N/A:N,MEDIUM,5.9,CVSS:3.1/AV:N/AC:H/PR:N/UI:N/S:U/C:H/I:N/A:N/E:2.2/RC:R/MAV:A,"",9,"","","","","","","",""
kafka,"Thu, 20 Jun 2024 10:25:14 +0800",kafka_2.12-2.4.0.tgz: kafka_2.12-2.4.0.tar: guava-20.0.jar,/home/bes/software/components/kafka_2.12-2.4.0.tgz/kafka_2.12-2.4.0.tar/kafka_2.12-2.4.0/libs/guava-20.0.jar,"Guava is a suite of core and expanded libraries that include     utility classes, google's collections, io classes, and much     much more.      Guava has only one code dependency - javax.annotation,     per the JSR-305 spec.",http://www.apache.org/licenses/LICENSE-2.0.txt,f32a8a2524620dbecc9f6bf6a20c293f,89507701249388e1ed5ddcf8c41f4ce1be7831ef,pkg:maven/com.google.guava/guava@20.0,cpe:2.3:a:google:guava:20.0:*:*:*:*:*:*:*,CVE-2023-2976,CWE-552 Files or Directories Accessible to External Parties,"Use of Java's default temporary directory for file creation in `FileBackedOutputStream` in Google Guava versions 1.0 to 31.1 on Unix systems and Android Ice Cream Sandwich allows other users and apps on the machine with access to the default Java temporary directory to be able to access the files created by the class.  Even though the security vulnerability is fixed in version 32.0.0, we recommend using version 32.0.1 as version 32.0.0 breaks some functionality under Windows.",NVD,"","","",HIGH,7.1,CVSS:3.1/AV:L/AC:L/PR:L/UI:N/S:U/C:H/I:H/A:N/E:1.8/RC:R/MAV:A,HIGH,19,"","","","","","","",""
kafka,"Thu, 20 Jun 2024 10:25:14 +0800",kafka_2.12-2.4.0.tgz: kafka_2.12-2.4.0.tar: guava-20.0.jar,/home/bes/software/components/kafka_2.12-2.4.0.tgz/kafka_2.12-2.4.0.tar/kafka_2.12-2.4.0/libs/guava-20.0.jar,"Guava is a suite of core and expanded libraries that include     utility classes, google's collections, io classes, and much     much more.      Guava has only one code dependency - javax.annotation,     per the JSR-305 spec.",http://www.apache.org/licenses/LICENSE-2.0.txt,f32a8a2524620dbecc9f6bf6a20c293f,89507701249388e1ed5ddcf8c41f4ce1be7831ef,pkg:maven/com.google.guava/guava@20.0,cpe:2.3:a:google:guava:20.0:*:*:*:*:*:*:*,CVE-2018-10237,CWE-770 Allocation of Resources Without Limits or Throttling,"Unbounded memory allocation in Google Guava 11.0 through 24.x before 24.1.1 allows remote attackers to conduct denial of service attacks against servers that depend on this library and deserialize attacker-provided data, because the AtomicDoubleArray class (when serialized with Java serialization) and the CompoundOrdering class (when serialized with GWT serialization) perform eager allocation without appropriate checks on what a client has sent and whether the data size is reasonable.",NVD,MEDIUM,4.3,/AV:N/AC:M/Au:N/C:N/I:N/A:P,MEDIUM,5.9,CVSS:3.1/AV:N/AC:H/PR:N/UI:N/S:U/C:N/I:N/A:H/E:2.2/RC:R/MAV:A,HIGH,19,"","","","","","","",""
kafka,"Thu, 20 Jun 2024 10:25:14 +0800",kafka_2.12-2.4.0.tgz: kafka_2.12-2.4.0.tar: guava-20.0.jar,/home/bes/software/components/kafka_2.12-2.4.0.tgz/kafka_2.12-2.4.0.tar/kafka_2.12-2.4.0/libs/guava-20.0.jar,"Guava is a suite of core and expanded libraries that include     utility classes, google's collections, io classes, and much     much more.      Guava has only one code dependency - javax.annotation,     per the JSR-305 spec.",http://www.apache.org/licenses/LICENSE-2.0.txt,f32a8a2524620dbecc9f6bf6a20c293f,89507701249388e1ed5ddcf8c41f4ce1be7831ef,pkg:maven/com.google.guava/guava@20.0,cpe:2.3:a:google:guava:20.0:*:*:*:*:*:*:*,CVE-2020-8908,"CWE-378 Creation of Temporary File With Insecure Permissions, CWE-732 Incorrect Permission Assignment for Critical Resource","A temp directory creation vulnerability exists in all versions of Guava, allowing an attacker with access to the machine to potentially access data in a temporary directory created by the Guava API com.google.common.io.Files.createTempDir(). By default, on unix-like systems, the created directory is world-readable (readable by an attacker with access to the system). The method in question has been marked @Deprecated in versions 30.0 and later and should not be used. For Android developers, we recommend choosing a temporary directory API provided by Android, such as context.getCacheDir(). For other Java developers, we recommend migrating to the Java 7 API java.nio.file.Files.createTempDirectory() which explicitly configures permissions of 700, or configuring the Java runtime's java.io.tmpdir system property to point to a location whose permissions are appropriately configured.",NVD,LOW,2.1,/AV:L/AC:L/Au:N/C:P/I:N/A:N,LOW,3.3,CVSS:3.1/AV:L/AC:L/PR:L/UI:N/S:U/C:L/I:N/A:N/E:1.8/RC:R/MAV:A,HIGH,19,"","","","","","","",""
kafka,"Thu, 20 Jun 2024 10:25:14 +0800",kafka_2.12-2.4.0.tgz: kafka_2.12-2.4.0.tar: jackson-databind-2.10.0.jar,/home/bes/software/components/kafka_2.12-2.4.0.tgz/kafka_2.12-2.4.0.tar/kafka_2.12-2.4.0/libs/jackson-databind-2.10.0.jar,General data-binding functionality for Jackson: works on core streaming API,http://www.apache.org/licenses/LICENSE-2.0.txt,195bfa368ad502b05427d9fb0346735d,1127c9cf62f2bb3121a3a2a0a1351d251a602117,pkg:maven/com.fasterxml.jackson.core/jackson-databind@2.10.0,"cpe:2.3:a:fasterxml:jackson-databind:2.10.0:*:*:*:*:*:*:*, cpe:2.3:a:fasterxml:jackson-modules-java8:2.10.0:*:*:*:*:*:*:*",CVE-2020-25649,CWE-611 Improper Restriction of XML External Entity Reference,"A flaw was found in FasterXML Jackson Databind, where it did not have entity expansion secured properly. This flaw allows vulnerability to XML external entity (XXE) attacks. The highest threat from this vulnerability is data integrity.",NVD,MEDIUM,5.0,/AV:N/AC:L/Au:N/C:N/I:P/A:N,HIGH,7.5,CVSS:3.1/AV:N/AC:L/PR:N/UI:N/S:U/C:N/I:H/A:N/E:3.9/RC:R/MAV:A,HIGH,38,"","","","","","","",""
kafka,"Thu, 20 Jun 2024 10:25:14 +0800",kafka_2.12-2.4.0.tgz: kafka_2.12-2.4.0.tar: jackson-databind-2.10.0.jar,/home/bes/software/components/kafka_2.12-2.4.0.tgz/kafka_2.12-2.4.0.tar/kafka_2.12-2.4.0/libs/jackson-databind-2.10.0.jar,General data-binding functionality for Jackson: works on core streaming API,http://www.apache.org/licenses/LICENSE-2.0.txt,195bfa368ad502b05427d9fb0346735d,1127c9cf62f2bb3121a3a2a0a1351d251a602117,pkg:maven/com.fasterxml.jackson.core/jackson-databind@2.10.0,"cpe:2.3:a:fasterxml:jackson-databind:2.10.0:*:*:*:*:*:*:*, cpe:2.3:a:fasterxml:jackson-modules-java8:2.10.0:*:*:*:*:*:*:*",CVE-2020-36518,CWE-787 Out-of-bounds Write,jackson-databind before 2.13.0 allows a Java StackOverflow exception and denial of service via a large depth of nested objects.,NVD,MEDIUM,5.0,/AV:N/AC:L/Au:N/C:N/I:N/A:P,HIGH,7.5,CVSS:3.1/AV:N/AC:L/PR:N/UI:N/S:U/C:N/I:N/A:H/E:3.9/RC:R/MAV:A,HIGH,38,"","","","","","","",""
kafka,"Thu, 20 Jun 2024 10:25:14 +0800",kafka_2.12-2.4.0.tgz: kafka_2.12-2.4.0.tar: jackson-databind-2.10.0.jar,/home/bes/software/components/kafka_2.12-2.4.0.tgz/kafka_2.12-2.4.0.tar/kafka_2.12-2.4.0/libs/jackson-databind-2.10.0.jar,General data-binding functionality for Jackson: works on core streaming API,http://www.apache.org/licenses/LICENSE-2.0.txt,195bfa368ad502b05427d9fb0346735d,1127c9cf62f2bb3121a3a2a0a1351d251a602117,pkg:maven/com.fasterxml.jackson.core/jackson-databind@2.10.0,"cpe:2.3:a:fasterxml:jackson-databind:2.10.0:*:*:*:*:*:*:*, cpe:2.3:a:fasterxml:jackson-modules-java8:2.10.0:*:*:*:*:*:*:*",CVE-2021-46877,CWE-770 Allocation of Resources Without Limits or Throttling,jackson-databind 2.10.x through 2.12.x before 2.12.6 and 2.13.x before 2.13.1 allows attackers to cause a denial of service (2 GB transient heap usage per read) in uncommon situations involving JsonNode JDK serialization.,NVD,"","","",HIGH,7.5,CVSS:3.1/AV:N/AC:L/PR:N/UI:N/S:U/C:N/I:N/A:H/E:3.9/RC:R/MAV:A,HIGH,38,"","","","","","","",""
kafka,"Thu, 20 Jun 2024 10:25:14 +0800",kafka_2.12-2.4.0.tgz: kafka_2.12-2.4.0.tar: jackson-databind-2.10.0.jar,/home/bes/software/components/kafka_2.12-2.4.0.tgz/kafka_2.12-2.4.0.tar/kafka_2.12-2.4.0/libs/jackson-databind-2.10.0.jar,General data-binding functionality for Jackson: works on core streaming API,http://www.apache.org/licenses/LICENSE-2.0.txt,195bfa368ad502b05427d9fb0346735d,1127c9cf62f2bb3121a3a2a0a1351d251a602117,pkg:maven/com.fasterxml.jackson.core/jackson-databind@2.10.0,"cpe:2.3:a:fasterxml:jackson-databind:2.10.0:*:*:*:*:*:*:*, cpe:2.3:a:fasterxml:jackson-modules-java8:2.10.0:*:*:*:*:*:*:*",CVE-2022-42003,CWE-502 Deserialization of Untrusted Data,"In FasterXML jackson-databind before versions 2.13.4.1 and 2.12.17.1, resource exhaustion can occur because of a lack of a check in primitive value deserializers to avoid deep wrapper array nesting, when the UNWRAP_SINGLE_VALUE_ARRAYS feature is enabled.",NVD,"","","",HIGH,7.5,CVSS:3.1/AV:N/AC:L/PR:N/UI:N/S:U/C:N/I:N/A:H/E:3.9/RC:R/MAV:A,HIGH,38,"","","","","","","",""
kafka,"Thu, 20 Jun 2024 10:25:14 +0800",kafka_2.12-2.4.0.tgz: kafka_2.12-2.4.0.tar: jackson-databind-2.10.0.jar,/home/bes/software/components/kafka_2.12-2.4.0.tgz/kafka_2.12-2.4.0.tar/kafka_2.12-2.4.0/libs/jackson-databind-2.10.0.jar,General data-binding functionality for Jackson: works on core streaming API,http://www.apache.org/licenses/LICENSE-2.0.txt,195bfa368ad502b05427d9fb0346735d,1127c9cf62f2bb3121a3a2a0a1351d251a602117,pkg:maven/com.fasterxml.jackson.core/jackson-databind@2.10.0,"cpe:2.3:a:fasterxml:jackson-databind:2.10.0:*:*:*:*:*:*:*, cpe:2.3:a:fasterxml:jackson-modules-java8:2.10.0:*:*:*:*:*:*:*",CVE-2022-42004,CWE-502 Deserialization of Untrusted Data,"In FasterXML jackson-databind before 2.13.4, resource exhaustion can occur because of a lack of a check in BeanDeserializer._deserializeFromArray to prevent use of deeply nested arrays. An application is vulnerable only with certain customized choices for deserialization.",NVD,"","","",HIGH,7.5,CVSS:3.1/AV:N/AC:L/PR:N/UI:N/S:U/C:N/I:N/A:H/E:3.9/RC:R/MAV:A,HIGH,38,"","","","","","","",""
kafka,"Thu, 20 Jun 2024 10:25:14 +0800",kafka_2.12-2.4.0.tgz: kafka_2.12-2.4.0.tar: jackson-databind-2.10.0.jar,/home/bes/software/components/kafka_2.12-2.4.0.tgz/kafka_2.12-2.4.0.tar/kafka_2.12-2.4.0/libs/jackson-databind-2.10.0.jar,General data-binding functionality for Jackson: works on core streaming API,http://www.apache.org/licenses/LICENSE-2.0.txt,195bfa368ad502b05427d9fb0346735d,1127c9cf62f2bb3121a3a2a0a1351d251a602117,pkg:maven/com.fasterxml.jackson.core/jackson-databind@2.10.0,"cpe:2.3:a:fasterxml:jackson-databind:2.10.0:*:*:*:*:*:*:*, cpe:2.3:a:fasterxml:jackson-modules-java8:2.10.0:*:*:*:*:*:*:*",CVE-2023-35116,CWE-770 Allocation of Resources Without Limits or Throttling,"jackson-databind through 2.15.2 allows attackers to cause a denial of service or other unspecified impact via a crafted object that uses cyclic dependencies. NOTE: the vendor's perspective is that this is not a valid vulnerability report, because the steps of constructing a cyclic data structure and trying to serialize it cannot be achieved by an external attacker.",NVD,"","","",MEDIUM,4.7,CVSS:3.1/AV:L/AC:H/PR:L/UI:N/S:U/C:N/I:N/A:H/E:1.0/RC:R/MAV:A,HIGH,38,"","","","","","","",""
kafka,"Thu, 20 Jun 2024 10:25:14 +0800",kafka_2.12-2.4.0.tgz: kafka_2.12-2.4.0.tar: jetty-server-9.4.20.v20190813.jar,/home/bes/software/components/kafka_2.12-2.4.0.tgz/kafka_2.12-2.4.0.tar/kafka_2.12-2.4.0/libs/jetty-server-9.4.20.v20190813.jar,The core jetty server artifact.,"http://www.apache.org/licenses/LICENSE-2.0, http://www.eclipse.org/org/documents/epl-v10.php",1bcf4025f6c77a55d5c76a17d75368f9,d4ee11134bca83db85919a1710fce022c67df3b7,pkg:maven/org.eclipse.jetty/jetty-server@9.4.20.v20190813,"cpe:2.3:a:eclipse:jetty:9.4.20:20190813:*:*:*:*:*:*, cpe:2.3:a:jetty:jetty:9.4.20:20190813:*:*:*:*:*:*, cpe:2.3:a:mortbay_jetty:jetty:9.4.20:20190813:*:*:*:*:*:*",CVE-2021-28165,"CWE-400 Uncontrolled Resource Consumption, CWE-755 Improper Handling of Exceptional Conditions, CWE-551 Incorrect Behavior Order: Authorization Before Parsing and Canonicalization","In Eclipse Jetty 7.2.2 to 9.4.38, 10.0.0.alpha0 to 10.0.1, and 11.0.0.alpha0 to 11.0.1, CPU usage can reach 100% upon receiving a large invalid TLS frame.",NVD,HIGH,7.8,/AV:N/AC:L/Au:N/C:N/I:N/A:C,HIGH,7.5,CVSS:3.1/AV:N/AC:L/PR:N/UI:N/S:U/C:N/I:N/A:H/E:3.9/RC:R/MAV:A,HIGH,40,"","","","","","","",""
kafka,"Thu, 20 Jun 2024 10:25:14 +0800",kafka_2.12-2.4.0.tgz: kafka_2.12-2.4.0.tar: jetty-server-9.4.20.v20190813.jar,/home/bes/software/components/kafka_2.12-2.4.0.tgz/kafka_2.12-2.4.0.tar/kafka_2.12-2.4.0/libs/jetty-server-9.4.20.v20190813.jar,The core jetty server artifact.,"http://www.apache.org/licenses/LICENSE-2.0, http://www.eclipse.org/org/documents/epl-v10.php",1bcf4025f6c77a55d5c76a17d75368f9,d4ee11134bca83db85919a1710fce022c67df3b7,pkg:maven/org.eclipse.jetty/jetty-server@9.4.20.v20190813,"cpe:2.3:a:eclipse:jetty:9.4.20:20190813:*:*:*:*:*:*, cpe:2.3:a:jetty:jetty:9.4.20:20190813:*:*:*:*:*:*, cpe:2.3:a:mortbay_jetty:jetty:9.4.20:20190813:*:*:*:*:*:*",CVE-2022-2048,"CWE-664 Improper Control of a Resource Through its Lifetime, NVD-CWE-Other, CWE-410 Insufficient Resource Pool","In Eclipse Jetty HTTP/2 server implementation, when encountering an invalid HTTP/2 request, the error handling has a bug that can wind up not properly cleaning up the active connections and associated resources. This can lead to a Denial of Service scenario where there are no enough resources left to process good requests.",NVD,MEDIUM,5.0,/AV:N/AC:L/Au:N/C:N/I:N/A:P,HIGH,7.5,CVSS:3.1/AV:N/AC:L/PR:N/UI:N/S:U/C:N/I:N/A:H/E:3.9/RC:R/MAV:A,HIGH,40,"","","","","","","",""
kafka,"Thu, 20 Jun 2024 10:25:14 +0800",kafka_2.12-2.4.0.tgz: kafka_2.12-2.4.0.tar: jetty-server-9.4.20.v20190813.jar,/home/bes/software/components/kafka_2.12-2.4.0.tgz/kafka_2.12-2.4.0.tar/kafka_2.12-2.4.0/libs/jetty-server-9.4.20.v20190813.jar,The core jetty server artifact.,"http://www.apache.org/licenses/LICENSE-2.0, http://www.eclipse.org/org/documents/epl-v10.php",1bcf4025f6c77a55d5c76a17d75368f9,d4ee11134bca83db85919a1710fce022c67df3b7,pkg:maven/org.eclipse.jetty/jetty-server@9.4.20.v20190813,"cpe:2.3:a:eclipse:jetty:9.4.20:20190813:*:*:*:*:*:*, cpe:2.3:a:jetty:jetty:9.4.20:20190813:*:*:*:*:*:*, cpe:2.3:a:mortbay_jetty:jetty:9.4.20:20190813:*:*:*:*:*:*",CVE-2023-36478,"CWE-400 Uncontrolled Resource Consumption, CWE-190 Integer Overflow or Wraparound","Eclipse Jetty provides a web server and servlet container. In versions 11.0.0 through 11.0.15, 10.0.0 through 10.0.15, and 9.0.0 through 9.4.52, an integer overflow in `MetaDataBuilder.checkSize` allows for HTTP/2 HPACK header values to exceed their size limit. `MetaDataBuilder.java` determines if a header name or value exceeds the size limit, and throws an exception if the limit is exceeded. However, when length is very large and huffman is true, the multiplication by 4 in line 295 will overflow, and length will become negative. `(_size+length)` will now be negative, and the check on line 296 will not be triggered. Furthermore, `MetaDataBuilder.checkSize` allows for user-entered HPACK header value sizes to be negative, potentially leading to a very large buffer allocation later on when the user-entered size is multiplied by 2. This means that if a user provides a negative length value (or, more precisely, a length value which, when multiplied by the 4/3 fudge factor, is negative), and this length value is a very large positive number when multiplied by 2, then the user can cause a very large buffer to be allocated on the server. Users of HTTP/2 can be impacted by a remote denial of service attack. The issue has been fixed in versions 11.0.16, 10.0.16, and 9.4.53. There are no known workarounds.",NVD,"","","",HIGH,7.5,CVSS:3.1/AV:N/AC:L/PR:N/UI:N/S:U/C:N/I:N/A:H/E:3.9/RC:R/MAV:A,HIGH,40,"","","","","","","",""
kafka,"Thu, 20 Jun 2024 10:25:14 +0800",kafka_2.12-2.4.0.tgz: kafka_2.12-2.4.0.tar: jetty-server-9.4.20.v20190813.jar,/home/bes/software/components/kafka_2.12-2.4.0.tgz/kafka_2.12-2.4.0.tar/kafka_2.12-2.4.0/libs/jetty-server-9.4.20.v20190813.jar,The core jetty server artifact.,"http://www.apache.org/licenses/LICENSE-2.0, http://www.eclipse.org/org/documents/epl-v10.php",1bcf4025f6c77a55d5c76a17d75368f9,d4ee11134bca83db85919a1710fce022c67df3b7,pkg:maven/org.eclipse.jetty/jetty-server@9.4.20.v20190813,"cpe:2.3:a:eclipse:jetty:9.4.20:20190813:*:*:*:*:*:*, cpe:2.3:a:jetty:jetty:9.4.20:20190813:*:*:*:*:*:*, cpe:2.3:a:mortbay_jetty:jetty:9.4.20:20190813:*:*:*:*:*:*",CVE-2023-44487,CWE-400 Uncontrolled Resource Consumption,"The HTTP/2 protocol allows a denial of service (server resource consumption) because request cancellation can reset many streams quickly, as exploited in the wild in August through October 2023.",NVD,"","","",HIGH,7.5,CVSS:3.1/AV:N/AC:L/PR:N/UI:N/S:U/C:N/I:N/A:H/E:3.9/RC:R/MAV:A,HIGH,40,"","","","","","","",""
kafka,"Thu, 20 Jun 2024 10:25:14 +0800",kafka_2.12-2.4.0.tgz: kafka_2.12-2.4.0.tar: jetty-server-9.4.20.v20190813.jar,/home/bes/software/components/kafka_2.12-2.4.0.tgz/kafka_2.12-2.4.0.tar/kafka_2.12-2.4.0/libs/jetty-server-9.4.20.v20190813.jar,The core jetty server artifact.,"http://www.apache.org/licenses/LICENSE-2.0, http://www.eclipse.org/org/documents/epl-v10.php",1bcf4025f6c77a55d5c76a17d75368f9,d4ee11134bca83db85919a1710fce022c67df3b7,pkg:maven/org.eclipse.jetty/jetty-server@9.4.20.v20190813,"cpe:2.3:a:eclipse:jetty:9.4.20:20190813:*:*:*:*:*:*, cpe:2.3:a:jetty:jetty:9.4.20:20190813:*:*:*:*:*:*, cpe:2.3:a:mortbay_jetty:jetty:9.4.20:20190813:*:*:*:*:*:*",CVE-2020-27216,"CWE-378 Creation of Temporary File With Insecure Permissions, CWE-379 Creation of Temporary File in Directory with Insecure Permissions, NVD-CWE-Other","In Eclipse Jetty versions 1.0 thru 9.4.32.v20200930, 10.0.0.alpha1 thru 10.0.0.beta2, and 11.0.0.alpha1 thru 11.0.0.beta2O, on Unix like systems, the system's temporary directory is shared between all users on that system. A collocated user can observe the process of creating a temporary sub directory in the shared temporary directory and race to complete the creation of the temporary subdirectory. If the attacker wins the race then they will have read and write permission to the subdirectory used to unpack web applications, including their WEB-INF/lib jar files and JSP files. If any code is ever executed out of this temporary directory, this can lead to a local privilege escalation vulnerability.",NVD,MEDIUM,4.4,/AV:L/AC:M/Au:N/C:P/I:P/A:P,HIGH,7.0,CVSS:3.1/AV:L/AC:H/PR:L/UI:N/S:U/C:H/I:H/A:H/E:1.0/RC:R/MAV:A,HIGH,40,"","","","","","","",""
kafka,"Thu, 20 Jun 2024 10:25:14 +0800",kafka_2.12-2.4.0.tgz: kafka_2.12-2.4.0.tar: jetty-server-9.4.20.v20190813.jar,/home/bes/software/components/kafka_2.12-2.4.0.tgz/kafka_2.12-2.4.0.tar/kafka_2.12-2.4.0/libs/jetty-server-9.4.20.v20190813.jar,The core jetty server artifact.,"http://www.apache.org/licenses/LICENSE-2.0, http://www.eclipse.org/org/documents/epl-v10.php",1bcf4025f6c77a55d5c76a17d75368f9,d4ee11134bca83db85919a1710fce022c67df3b7,pkg:maven/org.eclipse.jetty/jetty-server@9.4.20.v20190813,"cpe:2.3:a:eclipse:jetty:9.4.20:20190813:*:*:*:*:*:*, cpe:2.3:a:jetty:jetty:9.4.20:20190813:*:*:*:*:*:*, cpe:2.3:a:mortbay_jetty:jetty:9.4.20:20190813:*:*:*:*:*:*",CVE-2020-27223,"CWE-400 Uncontrolled Resource Consumption, CWE-407 Inefficient Algorithmic Complexity","In Eclipse Jetty 9.4.6.v20170531 to 9.4.36.v20210114 (inclusive), 10.0.0, and 11.0.0 when Jetty handles a request containing multiple Accept headers with a large number of ���quality��� (i.e. q) parameters, the server may enter a denial of service (DoS) state due to high CPU usage processing those quality values, resulting in minutes of CPU time exhausted processing those quality values.",NVD,MEDIUM,4.3,/AV:N/AC:M/Au:N/C:N/I:N/A:P,MEDIUM,5.3,CVSS:3.1/AV:N/AC:L/PR:N/UI:N/S:U/C:N/I:N/A:L/E:3.9/RC:R/MAV:A,HIGH,40,"","","","","","","",""
kafka,"Thu, 20 Jun 2024 10:25:14 +0800",kafka_2.12-2.4.0.tgz: kafka_2.12-2.4.0.tar: jetty-server-9.4.20.v20190813.jar,/home/bes/software/components/kafka_2.12-2.4.0.tgz/kafka_2.12-2.4.0.tar/kafka_2.12-2.4.0/libs/jetty-server-9.4.20.v20190813.jar,The core jetty server artifact.,"http://www.apache.org/licenses/LICENSE-2.0, http://www.eclipse.org/org/documents/epl-v10.php",1bcf4025f6c77a55d5c76a17d75368f9,d4ee11134bca83db85919a1710fce022c67df3b7,pkg:maven/org.eclipse.jetty/jetty-server@9.4.20.v20190813,"cpe:2.3:a:eclipse:jetty:9.4.20:20190813:*:*:*:*:*:*, cpe:2.3:a:jetty:jetty:9.4.20:20190813:*:*:*:*:*:*, cpe:2.3:a:mortbay_jetty:jetty:9.4.20:20190813:*:*:*:*:*:*",CVE-2021-28169,"NVD-CWE-Other, CWE-200 Exposure of Sensitive Information to an Unauthorized Actor","For Eclipse Jetty versions <= 9.4.40, <= 10.0.2, <= 11.0.2, it is possible for requests to the ConcatServlet with a doubly encoded path to access protected resources within the WEB-INF directory. For example a request to `/concat?/%2557EB-INF/web.xml` can retrieve the web.xml file. This can reveal sensitive information regarding the implementation of a web application.",NVD,MEDIUM,5.0,/AV:N/AC:L/Au:N/C:P/I:N/A:N,MEDIUM,5.3,CVSS:3.1/AV:N/AC:L/PR:N/UI:N/S:U/C:L/I:N/A:N/E:3.9/RC:R/MAV:A,HIGH,40,"","","","","","","",""
kafka,"Thu, 20 Jun 2024 10:25:14 +0800",kafka_2.12-2.4.0.tgz: kafka_2.12-2.4.0.tar: jetty-server-9.4.20.v20190813.jar,/home/bes/software/components/kafka_2.12-2.4.0.tgz/kafka_2.12-2.4.0.tar/kafka_2.12-2.4.0/libs/jetty-server-9.4.20.v20190813.jar,The core jetty server artifact.,"http://www.apache.org/licenses/LICENSE-2.0, http://www.eclipse.org/org/documents/epl-v10.php",1bcf4025f6c77a55d5c76a17d75368f9,d4ee11134bca83db85919a1710fce022c67df3b7,pkg:maven/org.eclipse.jetty/jetty-server@9.4.20.v20190813,"cpe:2.3:a:eclipse:jetty:9.4.20:20190813:*:*:*:*:*:*, cpe:2.3:a:jetty:jetty:9.4.20:20190813:*:*:*:*:*:*, cpe:2.3:a:mortbay_jetty:jetty:9.4.20:20190813:*:*:*:*:*:*",CVE-2023-26048,"CWE-400 Uncontrolled Resource Consumption, CWE-770 Allocation of Resources Without Limits or Throttling","Jetty is a java based web server and servlet engine. In affected versions servlets with multipart support (e.g. annotated with `@MultipartConfig`) that call `HttpServletRequest.getParameter()` or `HttpServletRequest.getParts()` may cause `OutOfMemoryError` when the client sends a multipart request with a part that has a name but no filename and very large content. This happens even with the default settings of `fileSizeThreshold=0` which should stream the whole part content to disk. An attacker client may send a large multipart request and cause the server to throw `OutOfMemoryError`. However, the server may be able to recover after the `OutOfMemoryError` and continue its service -- although it may take some time. This issue has been patched in versions 9.4.51, 10.0.14, and 11.0.14. Users are advised to upgrade. Users unable to upgrade may set the multipart parameter `maxRequestSize` which must be set to a non-negative value, so the whole multipart content is limited (although still read into memory).",NVD,"","","",MEDIUM,5.3,CVSS:3.1/AV:N/AC:L/PR:N/UI:N/S:U/C:N/I:N/A:L/E:3.9/RC:R/MAV:A,HIGH,40,"","","","","","","",""
kafka,"Thu, 20 Jun 2024 10:25:14 +0800",kafka_2.12-2.4.0.tgz: kafka_2.12-2.4.0.tar: jetty-server-9.4.20.v20190813.jar,/home/bes/software/components/kafka_2.12-2.4.0.tgz/kafka_2.12-2.4.0.tar/kafka_2.12-2.4.0/libs/jetty-server-9.4.20.v20190813.jar,The core jetty server artifact.,"http://www.apache.org/licenses/LICENSE-2.0, http://www.eclipse.org/org/documents/epl-v10.php",1bcf4025f6c77a55d5c76a17d75368f9,d4ee11134bca83db85919a1710fce022c67df3b7,pkg:maven/org.eclipse.jetty/jetty-server@9.4.20.v20190813,"cpe:2.3:a:eclipse:jetty:9.4.20:20190813:*:*:*:*:*:*, cpe:2.3:a:jetty:jetty:9.4.20:20190813:*:*:*:*:*:*, cpe:2.3:a:mortbay_jetty:jetty:9.4.20:20190813:*:*:*:*:*:*",CVE-2023-26049,"NVD-CWE-noinfo, CWE-200 Exposure of Sensitive Information to an Unauthorized Actor","Jetty is a java based web server and servlet engine. Nonstandard cookie parsing in Jetty may allow an attacker to smuggle cookies within other cookies, or otherwise perform unintended behavior by tampering with the cookie parsing mechanism. If Jetty sees a cookie VALUE that starts with `""` (double quote), it will continue to read the cookie string until it sees a closing quote -- even if a semicolon is encountered. So, a cookie header such as: `DISPLAY_LANGUAGE=""b; JSESSIONID=1337; c=d""` will be parsed as one cookie, with the name DISPLAY_LANGUAGE and a value of b; JSESSIONID=1337; c=d instead of 3 separate cookies. This has security implications because if, say, JSESSIONID is an HttpOnly cookie, and the DISPLAY_LANGUAGE cookie value is rendered on the page, an attacker can smuggle the JSESSIONID cookie into the DISPLAY_LANGUAGE cookie and thereby exfiltrate it. This is significant when an intermediary is enacting some policy based on cookies, so a smuggled cookie can bypass that policy yet still be seen by the Jetty server or its logging system. This issue has been addressed in versions 9.4.51, 10.0.14, 11.0.14, and 12.0.0.beta0 and users are advised to upgrade. There are no known workarounds for this issue.",NVD,"","","",MEDIUM,5.3,CVSS:3.1/AV:N/AC:L/PR:N/UI:N/S:U/C:L/I:N/A:N/E:3.9/RC:R/MAV:A,HIGH,40,"","","","","","","",""
kafka,"Thu, 20 Jun 2024 10:25:14 +0800",kafka_2.12-2.4.0.tgz: kafka_2.12-2.4.0.tar: jetty-server-9.4.20.v20190813.jar,/home/bes/software/components/kafka_2.12-2.4.0.tgz/kafka_2.12-2.4.0.tar/kafka_2.12-2.4.0/libs/jetty-server-9.4.20.v20190813.jar,The core jetty server artifact.,"http://www.apache.org/licenses/LICENSE-2.0, http://www.eclipse.org/org/documents/epl-v10.php",1bcf4025f6c77a55d5c76a17d75368f9,d4ee11134bca83db85919a1710fce022c67df3b7,pkg:maven/org.eclipse.jetty/jetty-server@9.4.20.v20190813,"cpe:2.3:a:eclipse:jetty:9.4.20:20190813:*:*:*:*:*:*, cpe:2.3:a:jetty:jetty:9.4.20:20190813:*:*:*:*:*:*, cpe:2.3:a:mortbay_jetty:jetty:9.4.20:20190813:*:*:*:*:*:*",CVE-2023-40167,"CWE-130 Improper Handling of Length Parameter Inconsistency, NVD-CWE-noinfo","Jetty is a Java based web server and servlet engine. Prior to versions 9.4.52, 10.0.16, 11.0.16, and 12.0.1, Jetty accepts the `+` character proceeding the content-length value in a HTTP/1 header field.  This is more permissive than allowed by the RFC and other servers routinely reject such requests with 400 responses.  There is no known exploit scenario, but it is conceivable that request smuggling could result if jetty is used in combination with a server that does not close the connection after sending such a 400 response. Versions 9.4.52, 10.0.16, 11.0.16, and 12.0.1 contain a patch for this issue. There is no workaround as there is no known exploit scenario.",NVD,"","","",MEDIUM,5.3,CVSS:3.1/AV:N/AC:L/PR:N/UI:N/S:U/C:N/I:L/A:N/E:3.9/RC:R/MAV:A,HIGH,40,"","","","","","","",""
kafka,"Thu, 20 Jun 2024 10:25:14 +0800",kafka_2.12-2.4.0.tgz: kafka_2.12-2.4.0.tar: jetty-server-9.4.20.v20190813.jar,/home/bes/software/components/kafka_2.12-2.4.0.tgz/kafka_2.12-2.4.0.tar/kafka_2.12-2.4.0/libs/jetty-server-9.4.20.v20190813.jar,The core jetty server artifact.,"http://www.apache.org/licenses/LICENSE-2.0, http://www.eclipse.org/org/documents/epl-v10.php",1bcf4025f6c77a55d5c76a17d75368f9,d4ee11134bca83db85919a1710fce022c67df3b7,pkg:maven/org.eclipse.jetty/jetty-server@9.4.20.v20190813,"cpe:2.3:a:eclipse:jetty:9.4.20:20190813:*:*:*:*:*:*, cpe:2.3:a:jetty:jetty:9.4.20:20190813:*:*:*:*:*:*, cpe:2.3:a:mortbay_jetty:jetty:9.4.20:20190813:*:*:*:*:*:*",CVE-2020-27218,"CWE-226 Sensitive Information in Resource Not Removed Before Reuse, NVD-CWE-noinfo","In Eclipse Jetty version 9.4.0.RC0 to 9.4.34.v20201102, 10.0.0.alpha0 to 10.0.0.beta2, and 11.0.0.alpha0 to 11.0.0.beta2, if GZIP request body inflation is enabled and requests from different clients are multiplexed onto a single connection, and if an attacker can send a request with a body that is received entirely but not consumed by the application, then a subsequent request on the same connection will see that body prepended to its body. The attacker will not see any data but may inject data into the body of the subsequent request.",NVD,MEDIUM,5.8,/AV:N/AC:M/Au:N/C:N/I:P/A:P,MEDIUM,4.8,CVSS:3.1/AV:N/AC:H/PR:N/UI:N/S:U/C:N/I:L/A:L/E:2.2/RC:R/MAV:A,HIGH,40,"","","","","","","",""
kafka,"Thu, 20 Jun 2024 10:25:14 +0800",kafka_2.12-2.4.0.tgz: kafka_2.12-2.4.0.tar: jetty-server-9.4.20.v20190813.jar,/home/bes/software/components/kafka_2.12-2.4.0.tgz/kafka_2.12-2.4.0.tar/kafka_2.12-2.4.0/libs/jetty-server-9.4.20.v20190813.jar,The core jetty server artifact.,"http://www.apache.org/licenses/LICENSE-2.0, http://www.eclipse.org/org/documents/epl-v10.php",1bcf4025f6c77a55d5c76a17d75368f9,d4ee11134bca83db85919a1710fce022c67df3b7,pkg:maven/org.eclipse.jetty/jetty-server@9.4.20.v20190813,"cpe:2.3:a:eclipse:jetty:9.4.20:20190813:*:*:*:*:*:*, cpe:2.3:a:jetty:jetty:9.4.20:20190813:*:*:*:*:*:*, cpe:2.3:a:mortbay_jetty:jetty:9.4.20:20190813:*:*:*:*:*:*",CVE-2023-36479,CWE-149 Improper Neutralization of Quoting Syntax,"Eclipse Jetty Canonical Repository is the canonical repository for the Jetty project. Users of the CgiServlet with a very specific command structure may have the wrong command executed. If a user sends a request to a org.eclipse.jetty.servlets.CGI Servlet for a binary with a space in its name, the servlet will escape the command by wrapping it in quotation marks. This wrapped command, plus an optional command prefix, will then be executed through a call to Runtime.exec. If the original binary name provided by the user contains a quotation mark followed by a space, the resulting command line will contain multiple tokens instead of one. This issue was patched in version 9.4.52, 10.0.16, 11.0.16 and 12.0.0-beta2.",NVD,"","","",MEDIUM,4.3,CVSS:3.1/AV:N/AC:L/PR:L/UI:N/S:U/C:N/I:L/A:N/E:2.8/RC:R/MAV:A,HIGH,40,"","","","","","","",""
kafka,"Thu, 20 Jun 2024 10:25:14 +0800",kafka_2.12-2.4.0.tgz: kafka_2.12-2.4.0.tar: jetty-server-9.4.20.v20190813.jar,/home/bes/software/components/kafka_2.12-2.4.0.tgz/kafka_2.12-2.4.0.tar/kafka_2.12-2.4.0/libs/jetty-server-9.4.20.v20190813.jar,The core jetty server artifact.,"http://www.apache.org/licenses/LICENSE-2.0, http://www.eclipse.org/org/documents/epl-v10.php",1bcf4025f6c77a55d5c76a17d75368f9,d4ee11134bca83db85919a1710fce022c67df3b7,pkg:maven/org.eclipse.jetty/jetty-server@9.4.20.v20190813,"cpe:2.3:a:eclipse:jetty:9.4.20:20190813:*:*:*:*:*:*, cpe:2.3:a:jetty:jetty:9.4.20:20190813:*:*:*:*:*:*, cpe:2.3:a:mortbay_jetty:jetty:9.4.20:20190813:*:*:*:*:*:*",CVE-2021-34428,CWE-613 Insufficient Session Expiration,"For Eclipse Jetty versions <= 9.4.40, <= 10.0.2, <= 11.0.2, if an exception is thrown from the SessionListener#sessionDestroyed() method, then the session ID is not invalidated in the session ID manager. On deployments with clustered sessions and multiple contexts this can result in a session not being invalidated. This can result in an application used on a shared computer being left logged in.",NVD,LOW,3.6,/AV:L/AC:L/Au:N/C:P/I:P/A:N,LOW,3.5,CVSS:3.1/AV:P/AC:L/PR:N/UI:N/S:U/C:L/I:L/A:N/E:0.9/RC:R/MAV:A,HIGH,40,"","","","","","","",""
kafka,"Thu, 20 Jun 2024 10:25:14 +0800",kafka_2.12-2.4.0.tgz: kafka_2.12-2.4.0.tar: jetty-server-9.4.20.v20190813.jar,/home/bes/software/components/kafka_2.12-2.4.0.tgz/kafka_2.12-2.4.0.tar/kafka_2.12-2.4.0/libs/jetty-server-9.4.20.v20190813.jar,The core jetty server artifact.,"http://www.apache.org/licenses/LICENSE-2.0, http://www.eclipse.org/org/documents/epl-v10.php",1bcf4025f6c77a55d5c76a17d75368f9,d4ee11134bca83db85919a1710fce022c67df3b7,pkg:maven/org.eclipse.jetty/jetty-server@9.4.20.v20190813,"cpe:2.3:a:eclipse:jetty:9.4.20:20190813:*:*:*:*:*:*, cpe:2.3:a:jetty:jetty:9.4.20:20190813:*:*:*:*:*:*, cpe:2.3:a:mortbay_jetty:jetty:9.4.20:20190813:*:*:*:*:*:*",CVE-2022-2047,CWE-20 Improper Input Validation,"In Eclipse Jetty versions 9.4.0 thru 9.4.46, and 10.0.0 thru 10.0.9, and 11.0.0 thru 11.0.9 versions, the parsing of the authority segment of an http scheme URI, the Jetty HttpURI class improperly detects an invalid input as a hostname. This can lead to failures in a Proxy scenario.",NVD,MEDIUM,4.0,/AV:N/AC:L/Au:S/C:N/I:P/A:N,LOW,2.7,CVSS:3.1/AV:N/AC:L/PR:H/UI:N/S:U/C:N/I:L/A:N/E:1.2/RC:R/MAV:A,HIGH,40,"","","","","","","",""
kafka,"Thu, 20 Jun 2024 10:25:14 +0800",kafka_2.12-2.4.0.tgz: kafka_2.12-2.4.0.tar: kafka-log4j-appender-2.4.0.jar,/home/bes/software/components/kafka_2.12-2.4.0.tgz/kafka_2.12-2.4.0.tar/kafka_2.12-2.4.0/libs/kafka-log4j-appender-2.4.0.jar,"","",3e80985cb58f8309ea4e4a695be3a92b,c0ba17fad84d98a1b8b221daf5be7aaa19ab955b,"","cpe:2.3:a:apache:kafka:2.4.0:*:*:*:*:*:*:*, cpe:2.3:a:apache:log4j:2.4.0:*:*:*:*:*:*:*",CVE-2021-44228,"CWE-400 Uncontrolled Resource Consumption, CWE-502 Deserialization of Untrusted Data, CWE-20 Improper Input Validation, CWE-917 Improper Neutralization of Special Elements used in an Expression Language Statement ('Expression Language Injection')","Apache Log4j2 2.0-beta9 through 2.15.0 (excluding security releases 2.12.2, 2.12.3, and 2.3.1) JNDI features used in configuration, log messages, and parameters do not protect against attacker controlled LDAP and other JNDI related endpoints. An attacker who can control log messages or log message parameters can execute arbitrary code loaded from LDAP servers when message lookup substitution is enabled. From log4j 2.15.0, this behavior has been disabled by default. From version 2.16.0 (along with 2.12.2, 2.12.3, and 2.3.1), this functionality has been completely removed. Note that this vulnerability is specific to log4j-core and does not affect log4net, log4cxx, or other Apache Logging Services projects.",NVD,HIGH,9.3,/AV:N/AC:M/Au:N/C:C/I:C/A:C,CRITICAL,10.0,CVSS:3.1/AV:N/AC:L/PR:N/UI:N/S:C/C:H/I:H/A:H/E:3.9/RC:R/MAV:A,"",10,"","","","","","","",""
kafka,"Thu, 20 Jun 2024 10:25:14 +0800",kafka_2.12-2.4.0.tgz: kafka_2.12-2.4.0.tar: kafka-log4j-appender-2.4.0.jar,/home/bes/software/components/kafka_2.12-2.4.0.tgz/kafka_2.12-2.4.0.tar/kafka_2.12-2.4.0/libs/kafka-log4j-appender-2.4.0.jar,"","",3e80985cb58f8309ea4e4a695be3a92b,c0ba17fad84d98a1b8b221daf5be7aaa19ab955b,"","cpe:2.3:a:apache:kafka:2.4.0:*:*:*:*:*:*:*, cpe:2.3:a:apache:log4j:2.4.0:*:*:*:*:*:*:*",CVE-2017-5645,CWE-502 Deserialization of Untrusted Data,"In Apache Log4j 2.x before 2.8.2, when using the TCP socket server or UDP socket server to receive serialized log events from another application, a specially crafted binary payload can be sent that, when deserialized, can execute arbitrary code.",NVD,HIGH,7.5,/AV:N/AC:L/Au:N/C:P/I:P/A:P,CRITICAL,9.8,CVSS:3.1/AV:N/AC:L/PR:N/UI:N/S:U/C:H/I:H/A:H/E:3.9/RC:R/MAV:A,"",10,"","","","","","","",""
kafka,"Thu, 20 Jun 2024 10:25:14 +0800",kafka_2.12-2.4.0.tgz: kafka_2.12-2.4.0.tar: kafka-log4j-appender-2.4.0.jar,/home/bes/software/components/kafka_2.12-2.4.0.tgz/kafka_2.12-2.4.0.tar/kafka_2.12-2.4.0/libs/kafka-log4j-appender-2.4.0.jar,"","",3e80985cb58f8309ea4e4a695be3a92b,c0ba17fad84d98a1b8b221daf5be7aaa19ab955b,"","cpe:2.3:a:apache:kafka:2.4.0:*:*:*:*:*:*:*, cpe:2.3:a:apache:log4j:2.4.0:*:*:*:*:*:*:*",CVE-2021-45046,CWE-917 Improper Neutralization of Special Elements used in an Expression Language Statement ('Expression Language Injection'),"It was found that the fix to address CVE-2021-44228 in Apache Log4j 2.15.0 was incomplete in certain non-default configurations. This could allows attackers with control over Thread Context Map (MDC) input data when the logging configuration uses a non-default Pattern Layout with either a Context Lookup (for example, $${ctx:loginId}) or a Thread Context Map pattern (%X, %mdc, or %MDC) to craft malicious input data using a JNDI Lookup pattern resulting in an information leak and remote code execution in some environments and local code execution in all environments. Log4j 2.16.0 (Java 8) and 2.12.2 (Java 7) fix this issue by removing support for message lookup patterns and disabling JNDI functionality by default.",NVD,MEDIUM,5.1,/AV:N/AC:H/Au:N/C:P/I:P/A:P,CRITICAL,9.0,CVSS:3.1/AV:N/AC:H/PR:N/UI:N/S:C/C:H/I:H/A:H/E:2.2/RC:R/MAV:A,"",10,"","","","","","","",""
kafka,"Thu, 20 Jun 2024 10:25:14 +0800",kafka_2.12-2.4.0.tgz: kafka_2.12-2.4.0.tar: kafka-log4j-appender-2.4.0.jar,/home/bes/software/components/kafka_2.12-2.4.0.tgz/kafka_2.12-2.4.0.tar/kafka_2.12-2.4.0/libs/kafka-log4j-appender-2.4.0.jar,"","",3e80985cb58f8309ea4e4a695be3a92b,c0ba17fad84d98a1b8b221daf5be7aaa19ab955b,"","cpe:2.3:a:apache:kafka:2.4.0:*:*:*:*:*:*:*, cpe:2.3:a:apache:log4j:2.4.0:*:*:*:*:*:*:*",CVE-2021-44832,"CWE-20 Improper Input Validation, CWE-74 Improper Neutralization of Special Elements in Output Used by a Downstream Component ('Injection')","Apache Log4j2 versions 2.0-beta7 through 2.17.0 (excluding security fix releases 2.3.2 and 2.12.4) are vulnerable to a remote code execution (RCE) attack when a configuration uses a JDBC Appender with a JNDI LDAP data source URI when an attacker has control of the target LDAP server. This issue is fixed by limiting JNDI data source names to the java protocol in Log4j2 versions 2.17.1, 2.12.4, and 2.3.2.",NVD,HIGH,8.5,/AV:N/AC:M/Au:S/C:C/I:C/A:C,MEDIUM,6.6,CVSS:3.1/AV:N/AC:H/PR:H/UI:N/S:U/C:H/I:H/A:H/E:0.7/RC:R/MAV:A,"",10,"","","","","","","",""
kafka,"Thu, 20 Jun 2024 10:25:14 +0800",kafka_2.12-2.4.0.tgz: kafka_2.12-2.4.0.tar: kafka-log4j-appender-2.4.0.jar,/home/bes/software/components/kafka_2.12-2.4.0.tgz/kafka_2.12-2.4.0.tar/kafka_2.12-2.4.0/libs/kafka-log4j-appender-2.4.0.jar,"","",3e80985cb58f8309ea4e4a695be3a92b,c0ba17fad84d98a1b8b221daf5be7aaa19ab955b,"","cpe:2.3:a:apache:kafka:2.4.0:*:*:*:*:*:*:*, cpe:2.3:a:apache:log4j:2.4.0:*:*:*:*:*:*:*",CVE-2021-38153,CWE-203 Observable Discrepancy,"Some components in Apache Kafka use `Arrays.equals` to validate a password or key, which is vulnerable to timing attacks that make brute force attacks for such credentials more likely to be successful. Users should upgrade to 2.8.1 or higher, or 3.0.0 or higher where this vulnerability has been fixed. The affected versions include Apache Kafka 2.0.0, 2.0.1, 2.1.0, 2.1.1, 2.2.0, 2.2.1, 2.2.2, 2.3.0, 2.3.1, 2.4.0, 2.4.1, 2.5.0, 2.5.1, 2.6.0, 2.6.1, 2.6.2, 2.7.0, 2.7.1, and 2.8.0.",NVD,MEDIUM,4.3,/AV:N/AC:M/Au:N/C:P/I:N/A:N,MEDIUM,5.9,CVSS:3.1/AV:N/AC:H/PR:N/UI:N/S:U/C:H/I:N/A:N/E:2.2/RC:R/MAV:A,"",10,"","","","","","","",""
kafka,"Thu, 20 Jun 2024 10:25:14 +0800",kafka_2.12-2.4.0.tgz: kafka_2.12-2.4.0.tar: kafka-log4j-appender-2.4.0.jar,/home/bes/software/components/kafka_2.12-2.4.0.tgz/kafka_2.12-2.4.0.tar/kafka_2.12-2.4.0/libs/kafka-log4j-appender-2.4.0.jar,"","",3e80985cb58f8309ea4e4a695be3a92b,c0ba17fad84d98a1b8b221daf5be7aaa19ab955b,"","cpe:2.3:a:apache:kafka:2.4.0:*:*:*:*:*:*:*, cpe:2.3:a:apache:log4j:2.4.0:*:*:*:*:*:*:*",CVE-2021-45105,"CWE-20 Improper Input Validation, CWE-674 Uncontrolled Recursion","Apache Log4j2 versions 2.0-alpha1 through 2.16.0 (excluding 2.12.3 and 2.3.1) did not protect from uncontrolled recursion from self-referential lookups. This allows an attacker with control over Thread Context Map data to cause a denial of service when a crafted string is interpreted. This issue was fixed in Log4j 2.17.0, 2.12.3, and 2.3.1.",NVD,MEDIUM,4.3,/AV:N/AC:M/Au:N/C:N/I:N/A:P,MEDIUM,5.9,CVSS:3.1/AV:N/AC:H/PR:N/UI:N/S:U/C:N/I:N/A:H/E:2.2/RC:R/MAV:A,"",10,"","","","","","","",""
kafka,"Thu, 20 Jun 2024 10:25:14 +0800",kafka_2.12-2.4.0.tgz: kafka_2.12-2.4.0.tar: kafka-log4j-appender-2.4.0.jar,/home/bes/software/components/kafka_2.12-2.4.0.tgz/kafka_2.12-2.4.0.tar/kafka_2.12-2.4.0/libs/kafka-log4j-appender-2.4.0.jar,"","",3e80985cb58f8309ea4e4a695be3a92b,c0ba17fad84d98a1b8b221daf5be7aaa19ab955b,"","cpe:2.3:a:apache:kafka:2.4.0:*:*:*:*:*:*:*, cpe:2.3:a:apache:log4j:2.4.0:*:*:*:*:*:*:*",CVE-2020-9488,CWE-295 Improper Certificate Validation,Improper validation of certificate with host mismatch in Apache Log4j SMTP appender. This could allow an SMTPS connection to be intercepted by a man-in-the-middle attack which could leak any log messages sent through that appender. Fixed in Apache Log4j 2.12.3 and 2.13.1,NVD,MEDIUM,4.3,/AV:N/AC:M/Au:N/C:P/I:N/A:N,LOW,3.7,CVSS:3.1/AV:N/AC:H/PR:N/UI:N/S:U/C:L/I:N/A:N/E:2.2/RC:R/MAV:A,"",10,"","","","","","","",""
kafka,"Thu, 20 Jun 2024 10:25:14 +0800",kafka_2.12-2.4.0.tgz: kafka_2.12-2.4.0.tar: kafka-streams-test-utils-2.4.0.jar,/home/bes/software/components/kafka_2.12-2.4.0.tgz/kafka_2.12-2.4.0.tar/kafka_2.12-2.4.0/libs/kafka-streams-test-utils-2.4.0.jar,"","",61952f7edff35f326fbf64210a89a66d,517bad7789daba06c0d668d3ea04e3aaba6b7b67,"",cpe:2.3:a:utils_project:utils:2.4.0:*:*:*:*:*:*:*,CVE-2021-4277,"CWE-330 Use of Insufficiently Random Values, CWE-341 Predictable from Observable State","A vulnerability, which was classified as problematic, has been found in fredsmith utils. This issue affects some unknown processing of the file screenshot_sync of the component Filename Handler. The manipulation leads to predictable from observable state. The name of the patch is dbab1b66955eeb3d76b34612b358307f5c4e3944. It is recommended to apply a patch to fix this issue. The identifier VDB-216749 was assigned to this vulnerability.",NVD,"","","",MEDIUM,5.3,CVSS:3.1/AV:N/AC:L/PR:N/UI:N/S:U/C:L/I:N/A:N/E:3.9/RC:R/MAV:A,"",9,"","","","","","","",""
kafka,"Thu, 20 Jun 2024 10:25:14 +0800",kafka_2.12-2.4.0.tgz: kafka_2.12-2.4.0.tar: kafka-tools-2.4.0.jar,/home/bes/software/components/kafka_2.12-2.4.0.tgz/kafka_2.12-2.4.0.tar/kafka_2.12-2.4.0/libs/kafka-tools-2.4.0.jar,"","",951f409453dfda8f1aa6b24eba6a6b01,74e000bd748d722a35c314f694c8b8da39f73ab0,"",cpe:2.3:a:apache:kafka:2.4.0:*:*:*:*:*:*:*,CVE-2021-38153,CWE-203 Observable Discrepancy,"Some components in Apache Kafka use `Arrays.equals` to validate a password or key, which is vulnerable to timing attacks that make brute force attacks for such credentials more likely to be successful. Users should upgrade to 2.8.1 or higher, or 3.0.0 or higher where this vulnerability has been fixed. The affected versions include Apache Kafka 2.0.0, 2.0.1, 2.1.0, 2.1.1, 2.2.0, 2.2.1, 2.2.2, 2.3.0, 2.3.1, 2.4.0, 2.4.1, 2.5.0, 2.5.1, 2.6.0, 2.6.1, 2.6.2, 2.7.0, 2.7.1, and 2.8.0.",NVD,MEDIUM,4.3,/AV:N/AC:M/Au:N/C:P/I:N/A:N,MEDIUM,5.9,CVSS:3.1/AV:N/AC:H/PR:N/UI:N/S:U/C:H/I:N/A:N/E:2.2/RC:R/MAV:A,"",9,"","","","","","","",""
kafka,"Thu, 20 Jun 2024 10:25:14 +0800",kafka_2.12-2.4.0.tgz: kafka_2.12-2.4.0.tar: log4j-1.2.17.jar,/home/bes/software/components/kafka_2.12-2.4.0.tgz/kafka_2.12-2.4.0.tar/kafka_2.12-2.4.0/libs/log4j-1.2.17.jar,Apache Log4j 1.2,"The Apache Software License, Version 2.0: http://www.apache.org/licenses/LICENSE-2.0.txt",04a41f0a068986f0f73485cf507c0f40,5af35056b4d257e4b64b9e8069c0746e8b08629f,pkg:maven/log4j/log4j@1.2.17,cpe:2.3:a:apache:log4j:1.2.17:*:*:*:*:*:*:*,CVE-2019-17571,CWE-502 Deserialization of Untrusted Data,Included in Log4j 1.2 is a SocketServer class that is vulnerable to deserialization of untrusted data which can be exploited to remotely execute arbitrary code when combined with a deserialization gadget when listening to untrusted network traffic for log data. This affects Log4j versions up to 1.2 up to 1.2.17.,NVD,HIGH,7.5,/AV:N/AC:L/Au:N/C:P/I:P/A:P,CRITICAL,9.8,CVSS:3.1/AV:N/AC:L/PR:N/UI:N/S:U/C:H/I:H/A:H/E:3.9/RC:R/MAV:A,HIGH,29,"","","","","","","",""
kafka,"Thu, 20 Jun 2024 10:25:14 +0800",kafka_2.12-2.4.0.tgz: kafka_2.12-2.4.0.tar: log4j-1.2.17.jar,/home/bes/software/components/kafka_2.12-2.4.0.tgz/kafka_2.12-2.4.0.tar/kafka_2.12-2.4.0/libs/log4j-1.2.17.jar,Apache Log4j 1.2,"The Apache Software License, Version 2.0: http://www.apache.org/licenses/LICENSE-2.0.txt",04a41f0a068986f0f73485cf507c0f40,5af35056b4d257e4b64b9e8069c0746e8b08629f,pkg:maven/log4j/log4j@1.2.17,cpe:2.3:a:apache:log4j:1.2.17:*:*:*:*:*:*:*,CVE-2020-9493,CWE-502 Deserialization of Untrusted Data,A deserialization flaw was found in Apache Chainsaw versions prior to 2.1.0 which could lead to malicious code execution.,NVD,MEDIUM,6.8,/AV:N/AC:M/Au:N/C:P/I:P/A:P,CRITICAL,9.8,CVSS:3.1/AV:N/AC:L/PR:N/UI:N/S:U/C:H/I:H/A:H/E:3.9/RC:R/MAV:A,HIGH,29,"","","","","","","",""
kafka,"Thu, 20 Jun 2024 10:25:14 +0800",kafka_2.12-2.4.0.tgz: kafka_2.12-2.4.0.tar: log4j-1.2.17.jar,/home/bes/software/components/kafka_2.12-2.4.0.tgz/kafka_2.12-2.4.0.tar/kafka_2.12-2.4.0/libs/log4j-1.2.17.jar,Apache Log4j 1.2,"The Apache Software License, Version 2.0: http://www.apache.org/licenses/LICENSE-2.0.txt",04a41f0a068986f0f73485cf507c0f40,5af35056b4d257e4b64b9e8069c0746e8b08629f,pkg:maven/log4j/log4j@1.2.17,cpe:2.3:a:apache:log4j:1.2.17:*:*:*:*:*:*:*,CVE-2022-23305,CWE-89 Improper Neutralization of Special Elements used in an SQL Command ('SQL Injection'),"By design, the JDBCAppender in Log4j 1.2.x accepts an SQL statement as a configuration parameter where the values to be inserted are converters from PatternLayout. The message converter, %m, is likely to always be included. This allows attackers to manipulate the SQL by entering crafted strings into input fields or headers of an application that are logged allowing unintended SQL queries to be executed. Note this issue only affects Log4j 1.x when specifically configured to use the JDBCAppender, which is not the default. Beginning in version 2.0-beta8, the JDBCAppender was re-introduced with proper support for parameterized SQL queries and further customization over the columns written to in logs. Apache Log4j 1.2 reached end of life in August 2015. Users should upgrade to Log4j 2 as it addresses numerous other issues from the previous versions.",NVD,MEDIUM,6.8,/AV:N/AC:M/Au:N/C:P/I:P/A:P,CRITICAL,9.8,CVSS:3.1/AV:N/AC:L/PR:N/UI:N/S:U/C:H/I:H/A:H/E:3.9/RC:R/MAV:A,HIGH,29,"","","","","","","",""
kafka,"Thu, 20 Jun 2024 10:25:14 +0800",kafka_2.12-2.4.0.tgz: kafka_2.12-2.4.0.tar: log4j-1.2.17.jar,/home/bes/software/components/kafka_2.12-2.4.0.tgz/kafka_2.12-2.4.0.tar/kafka_2.12-2.4.0/libs/log4j-1.2.17.jar,Apache Log4j 1.2,"The Apache Software License, Version 2.0: http://www.apache.org/licenses/LICENSE-2.0.txt",04a41f0a068986f0f73485cf507c0f40,5af35056b4d257e4b64b9e8069c0746e8b08629f,pkg:maven/log4j/log4j@1.2.17,cpe:2.3:a:apache:log4j:1.2.17:*:*:*:*:*:*:*,CVE-2022-23302,CWE-502 Deserialization of Untrusted Data,"JMSSink in all versions of Log4j 1.x is vulnerable to deserialization of untrusted data when the attacker has write access to the Log4j configuration or if the configuration references an LDAP service the attacker has access to. The attacker can provide a TopicConnectionFactoryBindingName configuration causing JMSSink to perform JNDI requests that result in remote code execution in a similar fashion to CVE-2021-4104. Note this issue only affects Log4j 1.x when specifically configured to use JMSSink, which is not the default. Apache Log4j 1.2 reached end of life in August 2015. Users should upgrade to Log4j 2 as it addresses numerous other issues from the previous versions.",NVD,MEDIUM,6.0,/AV:N/AC:M/Au:S/C:P/I:P/A:P,HIGH,8.8,CVSS:3.1/AV:N/AC:L/PR:L/UI:N/S:U/C:H/I:H/A:H/E:2.8/RC:R/MAV:A,HIGH,29,"","","","","","","",""
kafka,"Thu, 20 Jun 2024 10:25:14 +0800",kafka_2.12-2.4.0.tgz: kafka_2.12-2.4.0.tar: log4j-1.2.17.jar,/home/bes/software/components/kafka_2.12-2.4.0.tgz/kafka_2.12-2.4.0.tar/kafka_2.12-2.4.0/libs/log4j-1.2.17.jar,Apache Log4j 1.2,"The Apache Software License, Version 2.0: http://www.apache.org/licenses/LICENSE-2.0.txt",04a41f0a068986f0f73485cf507c0f40,5af35056b4d257e4b64b9e8069c0746e8b08629f,pkg:maven/log4j/log4j@1.2.17,cpe:2.3:a:apache:log4j:1.2.17:*:*:*:*:*:*:*,CVE-2022-23307,CWE-502 Deserialization of Untrusted Data,CVE-2020-9493 identified a deserialization issue that was present in Apache Chainsaw. Prior to Chainsaw V2.0 Chainsaw was a component of Apache Log4j 1.2.x where the same issue exists.,NVD,HIGH,9.0,/AV:N/AC:L/Au:S/C:C/I:C/A:C,HIGH,8.8,CVSS:3.1/AV:N/AC:L/PR:L/UI:N/S:U/C:H/I:H/A:H/E:2.8/RC:R/MAV:A,HIGH,29,"","","","","","","",""
kafka,"Thu, 20 Jun 2024 10:25:14 +0800",kafka_2.12-2.4.0.tgz: kafka_2.12-2.4.0.tar: log4j-1.2.17.jar,/home/bes/software/components/kafka_2.12-2.4.0.tgz/kafka_2.12-2.4.0.tar/kafka_2.12-2.4.0/libs/log4j-1.2.17.jar,Apache Log4j 1.2,"The Apache Software License, Version 2.0: http://www.apache.org/licenses/LICENSE-2.0.txt",04a41f0a068986f0f73485cf507c0f40,5af35056b4d257e4b64b9e8069c0746e8b08629f,pkg:maven/log4j/log4j@1.2.17,cpe:2.3:a:apache:log4j:1.2.17:*:*:*:*:*:*:*,CVE-2023-26464,CWE-502 Deserialization of Untrusted Data,"** UNSUPPORTED WHEN ASSIGNED **  When using the Chainsaw or SocketAppender components with Log4j 1.x on JRE less than 1.7, an attacker that manages to cause a logging entry involving a specially-crafted (ie, deeply nested)  hashmap or hashtable (depending on which logging component is in use) to be processed could exhaust the available memory in the virtual machine and achieve Denial of Service when the object is deserialized.  This issue affects Apache Log4j before 2. Affected users are recommended to update to Log4j 2.x.  NOTE: This vulnerability only affects products that are no longer supported by the maintainer.",NVD,"","","",HIGH,7.5,CVSS:3.1/AV:N/AC:L/PR:N/UI:N/S:U/C:N/I:N/A:H/E:3.9/RC:R/MAV:A,HIGH,29,"","","","","","","",""
kafka,"Thu, 20 Jun 2024 10:25:14 +0800",kafka_2.12-2.4.0.tgz: kafka_2.12-2.4.0.tar: netty-transport-4.1.42.Final.jar,/home/bes/software/components/kafka_2.12-2.4.0.tgz/kafka_2.12-2.4.0.tar/kafka_2.12-2.4.0/libs/netty-transport-4.1.42.Final.jar,Netty is an asynchronous event-driven network application framework for    rapid development of maintainable high performance protocol servers and    clients.,http://www.apache.org/licenses/LICENSE-2.0,585ac71001f46ade122c3bee40d0ed74,857502e863c02c829fdafea61c3fda6bda01d0af,pkg:maven/io.netty/netty-transport@4.1.42.Final,cpe:2.3:a:netty:netty:4.1.42:*:*:*:*:*:*:*,CVE-2019-20444,CWE-444 Inconsistent Interpretation of HTTP Requests ('HTTP Request/Response Smuggling'),"HttpObjectDecoder.java in Netty before 4.1.44 allows an HTTP header that lacks a colon, which might be interpreted as a separate header with an incorrect syntax, or might be interpreted as an ""invalid fold.""",NVD,MEDIUM,6.4,/AV:N/AC:L/Au:N/C:P/I:P/A:N,CRITICAL,9.1,CVSS:3.1/AV:N/AC:L/PR:N/UI:N/S:U/C:H/I:H/A:N/E:3.9/RC:R/MAV:A,HIGH,29,"","","","","","","",""
kafka,"Thu, 20 Jun 2024 10:25:14 +0800",kafka_2.12-2.4.0.tgz: kafka_2.12-2.4.0.tar: netty-transport-4.1.42.Final.jar,/home/bes/software/components/kafka_2.12-2.4.0.tgz/kafka_2.12-2.4.0.tar/kafka_2.12-2.4.0/libs/netty-transport-4.1.42.Final.jar,Netty is an asynchronous event-driven network application framework for    rapid development of maintainable high performance protocol servers and    clients.,http://www.apache.org/licenses/LICENSE-2.0,585ac71001f46ade122c3bee40d0ed74,857502e863c02c829fdafea61c3fda6bda01d0af,pkg:maven/io.netty/netty-transport@4.1.42.Final,cpe:2.3:a:netty:netty:4.1.42:*:*:*:*:*:*:*,CVE-2019-20445,CWE-444 Inconsistent Interpretation of HTTP Requests ('HTTP Request/Response Smuggling'),"HttpObjectDecoder.java in Netty before 4.1.44 allows a Content-Length header to be accompanied by a second Content-Length header, or by a Transfer-Encoding header.",NVD,MEDIUM,6.4,/AV:N/AC:L/Au:N/C:P/I:P/A:N,CRITICAL,9.1,CVSS:3.1/AV:N/AC:L/PR:N/UI:N/S:U/C:H/I:H/A:N/E:3.9/RC:R/MAV:A,HIGH,29,"","","","","","","",""
kafka,"Thu, 20 Jun 2024 10:25:14 +0800",kafka_2.12-2.4.0.tgz: kafka_2.12-2.4.0.tar: netty-transport-4.1.42.Final.jar,/home/bes/software/components/kafka_2.12-2.4.0.tgz/kafka_2.12-2.4.0.tar/kafka_2.12-2.4.0/libs/netty-transport-4.1.42.Final.jar,Netty is an asynchronous event-driven network application framework for    rapid development of maintainable high performance protocol servers and    clients.,http://www.apache.org/licenses/LICENSE-2.0,585ac71001f46ade122c3bee40d0ed74,857502e863c02c829fdafea61c3fda6bda01d0af,pkg:maven/io.netty/netty-transport@4.1.42.Final,cpe:2.3:a:netty:netty:4.1.42:*:*:*:*:*:*:*,CVE-2020-11612,CWE-770 Allocation of Resources Without Limits or Throttling,"The ZlibDecoders in Netty 4.1.x before 4.1.46 allow for unbounded memory allocation while decoding a ZlibEncoded byte stream. An attacker could send a large ZlibEncoded byte stream to the Netty server, forcing the server to allocate all of its free memory to a single decoder.",NVD,MEDIUM,5.0,/AV:N/AC:L/Au:N/C:N/I:N/A:P,HIGH,7.5,CVSS:3.1/AV:N/AC:L/PR:N/UI:N/S:U/C:N/I:N/A:H/E:3.9/RC:R/MAV:A,HIGH,29,"","","","","","","",""
kafka,"Thu, 20 Jun 2024 10:25:14 +0800",kafka_2.12-2.4.0.tgz: kafka_2.12-2.4.0.tar: netty-transport-4.1.42.Final.jar,/home/bes/software/components/kafka_2.12-2.4.0.tgz/kafka_2.12-2.4.0.tar/kafka_2.12-2.4.0/libs/netty-transport-4.1.42.Final.jar,Netty is an asynchronous event-driven network application framework for    rapid development of maintainable high performance protocol servers and    clients.,http://www.apache.org/licenses/LICENSE-2.0,585ac71001f46ade122c3bee40d0ed74,857502e863c02c829fdafea61c3fda6bda01d0af,pkg:maven/io.netty/netty-transport@4.1.42.Final,cpe:2.3:a:netty:netty:4.1.42:*:*:*:*:*:*:*,CVE-2021-37136,CWE-400 Uncontrolled Resource Consumption,The Bzip2 decompression decoder function doesn't allow setting size restrictions on the decompressed output data (which affects the allocation size used during decompression). All users of Bzip2Decoder are affected. The malicious input can trigger an OOME and so a DoS attack,NVD,MEDIUM,5.0,/AV:N/AC:L/Au:N/C:N/I:N/A:P,HIGH,7.5,CVSS:3.1/AV:N/AC:L/PR:N/UI:N/S:U/C:N/I:N/A:H/E:3.9/RC:R/MAV:A,HIGH,29,"","","","","","","",""
kafka,"Thu, 20 Jun 2024 10:25:14 +0800",kafka_2.12-2.4.0.tgz: kafka_2.12-2.4.0.tar: netty-transport-4.1.42.Final.jar,/home/bes/software/components/kafka_2.12-2.4.0.tgz/kafka_2.12-2.4.0.tar/kafka_2.12-2.4.0/libs/netty-transport-4.1.42.Final.jar,Netty is an asynchronous event-driven network application framework for    rapid development of maintainable high performance protocol servers and    clients.,http://www.apache.org/licenses/LICENSE-2.0,585ac71001f46ade122c3bee40d0ed74,857502e863c02c829fdafea61c3fda6bda01d0af,pkg:maven/io.netty/netty-transport@4.1.42.Final,cpe:2.3:a:netty:netty:4.1.42:*:*:*:*:*:*:*,CVE-2021-37137,CWE-400 Uncontrolled Resource Consumption,The Snappy frame decoder function doesn't restrict the chunk length which may lead to excessive memory usage. Beside this it also may buffer reserved skippable chunks until the whole chunk was received which may lead to excessive memory usage as well. This vulnerability can be triggered by supplying malicious input that decompresses to a very big size (via a network stream or a file) or by sending a huge skippable chunk.,NVD,MEDIUM,5.0,/AV:N/AC:L/Au:N/C:N/I:N/A:P,HIGH,7.5,CVSS:3.1/AV:N/AC:L/PR:N/UI:N/S:U/C:N/I:N/A:H/E:3.9/RC:R/MAV:A,HIGH,29,"","","","","","","",""
kafka,"Thu, 20 Jun 2024 10:25:14 +0800",kafka_2.12-2.4.0.tgz: kafka_2.12-2.4.0.tar: netty-transport-4.1.42.Final.jar,/home/bes/software/components/kafka_2.12-2.4.0.tgz/kafka_2.12-2.4.0.tar/kafka_2.12-2.4.0/libs/netty-transport-4.1.42.Final.jar,Netty is an asynchronous event-driven network application framework for    rapid development of maintainable high performance protocol servers and    clients.,http://www.apache.org/licenses/LICENSE-2.0,585ac71001f46ade122c3bee40d0ed74,857502e863c02c829fdafea61c3fda6bda01d0af,pkg:maven/io.netty/netty-transport@4.1.42.Final,cpe:2.3:a:netty:netty:4.1.42:*:*:*:*:*:*:*,CVE-2022-41881,CWE-674 Uncontrolled Recursion,"Netty project is an event-driven asynchronous network application framework. In versions prior to 4.1.86.Final, a StackOverflowError can be raised when parsing a malformed crafted message due to an infinite recursion. This issue is patched in version 4.1.86.Final. There is no workaround, except using a custom HaProxyMessageDecoder.",NVD,"","","",HIGH,7.5,CVSS:3.1/AV:N/AC:L/PR:N/UI:N/S:U/C:N/I:N/A:H/E:3.9/RC:R/MAV:A,HIGH,29,"","","","","","","",""
kafka,"Thu, 20 Jun 2024 10:25:14 +0800",kafka_2.12-2.4.0.tgz: kafka_2.12-2.4.0.tar: netty-transport-4.1.42.Final.jar,/home/bes/software/components/kafka_2.12-2.4.0.tgz/kafka_2.12-2.4.0.tar/kafka_2.12-2.4.0/libs/netty-transport-4.1.42.Final.jar,Netty is an asynchronous event-driven network application framework for    rapid development of maintainable high performance protocol servers and    clients.,http://www.apache.org/licenses/LICENSE-2.0,585ac71001f46ade122c3bee40d0ed74,857502e863c02c829fdafea61c3fda6bda01d0af,pkg:maven/io.netty/netty-transport@4.1.42.Final,cpe:2.3:a:netty:netty:4.1.42:*:*:*:*:*:*:*,CVE-2023-44487,CWE-400 Uncontrolled Resource Consumption,"The HTTP/2 protocol allows a denial of service (server resource consumption) because request cancellation can reset many streams quickly, as exploited in the wild in August through October 2023.",NVD,"","","",HIGH,7.5,CVSS:3.1/AV:N/AC:L/PR:N/UI:N/S:U/C:N/I:N/A:H/E:3.9/RC:R/MAV:A,HIGH,29,"","","","","","","",""
kafka,"Thu, 20 Jun 2024 10:25:14 +0800",kafka_2.12-2.4.0.tgz: kafka_2.12-2.4.0.tar: netty-transport-4.1.42.Final.jar,/home/bes/software/components/kafka_2.12-2.4.0.tgz/kafka_2.12-2.4.0.tar/kafka_2.12-2.4.0/libs/netty-transport-4.1.42.Final.jar,Netty is an asynchronous event-driven network application framework for    rapid development of maintainable high performance protocol servers and    clients.,http://www.apache.org/licenses/LICENSE-2.0,585ac71001f46ade122c3bee40d0ed74,857502e863c02c829fdafea61c3fda6bda01d0af,pkg:maven/io.netty/netty-transport@4.1.42.Final,cpe:2.3:a:netty:netty:4.1.42:*:*:*:*:*:*:*,CVE-2021-43797,CWE-444 Inconsistent Interpretation of HTTP Requests ('HTTP Request/Response Smuggling'),"Netty is an asynchronous event-driven network application framework for rapid development of maintainable high performance protocol servers & clients. Netty prior to version 4.1.71.Final skips control chars when they are present at the beginning / end of the header name. It should instead fail fast as these are not allowed by the spec and could lead to HTTP request smuggling. Failing to do the validation might cause netty to ""sanitize"" header names before it forward these to another remote system when used as proxy. This remote system can't see the invalid usage anymore, and therefore does not do the validation itself. Users should upgrade to version 4.1.71.Final.",NVD,MEDIUM,4.3,/AV:N/AC:M/Au:N/C:N/I:P/A:N,MEDIUM,6.5,CVSS:3.1/AV:N/AC:L/PR:N/UI:R/S:U/C:N/I:H/A:N/E:2.8/RC:R/MAV:A,HIGH,29,"","","","","","","",""
kafka,"Thu, 20 Jun 2024 10:25:14 +0800",kafka_2.12-2.4.0.tgz: kafka_2.12-2.4.0.tar: netty-transport-4.1.42.Final.jar,/home/bes/software/components/kafka_2.12-2.4.0.tgz/kafka_2.12-2.4.0.tar/kafka_2.12-2.4.0/libs/netty-transport-4.1.42.Final.jar,Netty is an asynchronous event-driven network application framework for    rapid development of maintainable high performance protocol servers and    clients.,http://www.apache.org/licenses/LICENSE-2.0,585ac71001f46ade122c3bee40d0ed74,857502e863c02c829fdafea61c3fda6bda01d0af,pkg:maven/io.netty/netty-transport@4.1.42.Final,cpe:2.3:a:netty:netty:4.1.42:*:*:*:*:*:*:*,CVE-2023-34462,"CWE-400 Uncontrolled Resource Consumption, CWE-770 Allocation of Resources Without Limits or Throttling","Netty is an asynchronous event-driven network application framework for rapid development of maintainable high performance protocol servers & clients. The `SniHandler` can allocate up to 16MB of heap for each channel during the TLS handshake. When the handler or the channel does not have an idle timeout, it can be used to make a TCP server using the `SniHandler` to allocate 16MB of heap. The `SniHandler` class is a handler that waits for the TLS handshake to configure a `SslHandler` according to the indicated server name by the `ClientHello` record. For this matter it allocates a `ByteBuf` using the value defined in the `ClientHello` record. Normally the value of the packet should be smaller than the handshake packet but there are not checks done here and the way the code is written, it is possible to craft a packet that makes the `SslClientHelloHandler`. This vulnerability has been fixed in version 4.1.94.Final.",NVD,"","","",MEDIUM,6.5,CVSS:3.1/AV:N/AC:L/PR:L/UI:N/S:U/C:N/I:N/A:H/E:2.8/RC:R/MAV:A,HIGH,29,"","","","","","","",""
kafka,"Thu, 20 Jun 2024 10:25:14 +0800",kafka_2.12-2.4.0.tgz: kafka_2.12-2.4.0.tar: netty-transport-4.1.42.Final.jar,/home/bes/software/components/kafka_2.12-2.4.0.tgz/kafka_2.12-2.4.0.tar/kafka_2.12-2.4.0/libs/netty-transport-4.1.42.Final.jar,Netty is an asynchronous event-driven network application framework for    rapid development of maintainable high performance protocol servers and    clients.,http://www.apache.org/licenses/LICENSE-2.0,585ac71001f46ade122c3bee40d0ed74,857502e863c02c829fdafea61c3fda6bda01d0af,pkg:maven/io.netty/netty-transport@4.1.42.Final,cpe:2.3:a:netty:netty:4.1.42:*:*:*:*:*:*:*,CVE-2021-21295,CWE-444 Inconsistent Interpretation of HTTP Requests ('HTTP Request/Response Smuggling'),"Netty is an open-source, asynchronous event-driven network application framework for rapid development of maintainable high performance protocol servers & clients. In Netty (io.netty:netty-codec-http2) before version 4.1.60.Final there is a vulnerability that enables request smuggling. If a Content-Length header is present in the original HTTP/2 request, the field is not validated by `Http2MultiplexHandler` as it is propagated up. This is fine as long as the request is not proxied through as HTTP/1.1. If the request comes in as an HTTP/2 stream, gets converted into the HTTP/1.1 domain objects (`HttpRequest`, `HttpContent`, etc.) via `Http2StreamFrameToHttpObjectCodec `and then sent up to the child channel's pipeline and proxied through a remote peer as HTTP/1.1 this may result in request smuggling. In a proxy case, users may assume the content-length is validated somehow, which is not the case. If the request is forwarded to a backend channel that is a HTTP/1.1 connection, the Content-Length now has meaning and needs to be checked. An attacker can smuggle requests inside the body as it gets downgraded from HTTP/2 to HTTP/1.1. For an example attack refer to the linked GitHub Advisory. Users are only affected if all of this is true: `HTTP2MultiplexCodec` or `Http2FrameCodec` is used, `Http2StreamFrameToHttpObjectCodec` is used to convert to HTTP/1.1 objects, and these HTTP/1.1 objects are forwarded to another remote peer. This has been patched in 4.1.60.Final As a workaround, the user can do the validation by themselves by implementing a custom `ChannelInboundHandler` that is put in the `ChannelPipeline` behind `Http2StreamFrameToHttpObjectCodec`.",NVD,LOW,2.6,/AV:N/AC:H/Au:N/C:N/I:P/A:N,MEDIUM,5.9,CVSS:3.1/AV:N/AC:H/PR:N/UI:N/S:U/C:N/I:H/A:N/E:2.2/RC:R/MAV:A,HIGH,29,"","","","","","","",""
kafka,"Thu, 20 Jun 2024 10:25:14 +0800",kafka_2.12-2.4.0.tgz: kafka_2.12-2.4.0.tar: netty-transport-4.1.42.Final.jar,/home/bes/software/components/kafka_2.12-2.4.0.tgz/kafka_2.12-2.4.0.tar/kafka_2.12-2.4.0/libs/netty-transport-4.1.42.Final.jar,Netty is an asynchronous event-driven network application framework for    rapid development of maintainable high performance protocol servers and    clients.,http://www.apache.org/licenses/LICENSE-2.0,585ac71001f46ade122c3bee40d0ed74,857502e863c02c829fdafea61c3fda6bda01d0af,pkg:maven/io.netty/netty-transport@4.1.42.Final,cpe:2.3:a:netty:netty:4.1.42:*:*:*:*:*:*:*,CVE-2021-21409,CWE-444 Inconsistent Interpretation of HTTP Requests ('HTTP Request/Response Smuggling'),"Netty is an open-source, asynchronous event-driven network application framework for rapid development of maintainable high performance protocol servers & clients. In Netty (io.netty:netty-codec-http2) before version 4.1.61.Final there is a vulnerability that enables request smuggling. The content-length header is not correctly validated if the request only uses a single Http2HeaderFrame with the endStream set to to true. This could lead to request smuggling if the request is proxied to a remote peer and translated to HTTP/1.1. This is a followup of GHSA-wm47-8v5p-wjpj/CVE-2021-21295 which did miss to fix this one case. This was fixed as part of 4.1.61.Final.",NVD,MEDIUM,4.3,/AV:N/AC:M/Au:N/C:N/I:P/A:N,MEDIUM,5.9,CVSS:3.1/AV:N/AC:H/PR:N/UI:N/S:U/C:N/I:H/A:N/E:2.2/RC:R/MAV:A,HIGH,29,"","","","","","","",""
kafka,"Thu, 20 Jun 2024 10:25:14 +0800",kafka_2.12-2.4.0.tgz: kafka_2.12-2.4.0.tar: netty-transport-4.1.42.Final.jar,/home/bes/software/components/kafka_2.12-2.4.0.tgz/kafka_2.12-2.4.0.tar/kafka_2.12-2.4.0/libs/netty-transport-4.1.42.Final.jar,Netty is an asynchronous event-driven network application framework for    rapid development of maintainable high performance protocol servers and    clients.,http://www.apache.org/licenses/LICENSE-2.0,585ac71001f46ade122c3bee40d0ed74,857502e863c02c829fdafea61c3fda6bda01d0af,pkg:maven/io.netty/netty-transport@4.1.42.Final,cpe:2.3:a:netty:netty:4.1.42:*:*:*:*:*:*:*,CVE-2021-21290,"CWE-378 Creation of Temporary File With Insecure Permissions, CWE-379 Creation of Temporary File in Directory with Insecure Permissions, CWE-668 Exposure of Resource to Wrong Sphere","Netty is an open-source, asynchronous event-driven network application framework for rapid development of maintainable high performance protocol servers & clients. In Netty before version 4.1.59.Final there is a vulnerability on Unix-like systems involving an insecure temp file. When netty's multipart decoders are used local information disclosure can occur via the local system temporary directory if temporary storing uploads on the disk is enabled. On unix-like systems, the temporary directory is shared between all user. As such, writing to this directory using APIs that do not explicitly set the file/directory permissions can lead to information disclosure. Of note, this does not impact modern MacOS Operating Systems. The method ""File.createTempFile"" on unix-like systems creates a random file, but, by default will create this file with the permissions ""-rw-r--r--"". Thus, if sensitive information is written to this file, other local users can read this information. This is the case in netty's ""AbstractDiskHttpData"" is vulnerable. This has been fixed in version 4.1.59.Final. As a workaround, one may specify your own ""java.io.tmpdir"" when you start the JVM or use ""DefaultHttpDataFactory.setBaseDir(...)"" to set the directory to something that is only readable by the current user.",NVD,LOW,1.9,/AV:L/AC:M/Au:N/C:P/I:N/A:N,MEDIUM,5.5,CVSS:3.1/AV:L/AC:L/PR:L/UI:N/S:U/C:H/I:N/A:N/E:1.8/RC:R/MAV:A,HIGH,29,"","","","","","","",""
kafka,"Thu, 20 Jun 2024 10:25:14 +0800",kafka_2.12-2.4.0.tgz: kafka_2.12-2.4.0.tar: netty-transport-4.1.42.Final.jar,/home/bes/software/components/kafka_2.12-2.4.0.tgz/kafka_2.12-2.4.0.tar/kafka_2.12-2.4.0/libs/netty-transport-4.1.42.Final.jar,Netty is an asynchronous event-driven network application framework for    rapid development of maintainable high performance protocol servers and    clients.,http://www.apache.org/licenses/LICENSE-2.0,585ac71001f46ade122c3bee40d0ed74,857502e863c02c829fdafea61c3fda6bda01d0af,pkg:maven/io.netty/netty-transport@4.1.42.Final,cpe:2.3:a:netty:netty:4.1.42:*:*:*:*:*:*:*,CVE-2022-24823,"CWE-378 Creation of Temporary File With Insecure Permissions, CWE-379 Creation of Temporary File in Directory with Insecure Permissions, CWE-668 Exposure of Resource to Wrong Sphere","Netty is an open-source, asynchronous event-driven network application framework. The package `io.netty:netty-codec-http` prior to version 4.1.77.Final contains an insufficient fix for CVE-2021-21290. When Netty's multipart decoders are used local information disclosure can occur via the local system temporary directory if temporary storing uploads on the disk is enabled. This only impacts applications running on Java version 6 and lower. Additionally, this vulnerability impacts code running on Unix-like systems, and very old versions of Mac OSX and Windows as they all share the system temporary directory between all users. Version 4.1.77.Final contains a patch for this vulnerability. As a workaround, specify one's own `java.io.tmpdir` when starting the JVM or use DefaultHttpDataFactory.setBaseDir(...) to set the directory to something that is only readable by the current user.",NVD,LOW,1.9,/AV:L/AC:M/Au:N/C:P/I:N/A:N,MEDIUM,5.5,CVSS:3.1/AV:L/AC:L/PR:L/UI:N/S:U/C:H/I:N/A:N/E:1.8/RC:R/MAV:A,HIGH,29,"","","","","","","",""
kafka,"Thu, 20 Jun 2024 10:25:14 +0800",kafka_2.12-2.4.0.tgz: kafka_2.12-2.4.0.tar: scala-collection-compat_2.12-2.1.2.jar,/home/bes/software/components/kafka_2.12-2.4.0.tgz/kafka_2.12-2.4.0.tar/kafka_2.12-2.4.0/libs/scala-collection-compat_2.12-2.1.2.jar,scala-collection-compat,https://www.apache.org/licenses/LICENSE-2.0;description=Apache-2.0,c86c9319ce5c4d8ac2886a10803571f6,7a96dbe1dc17a92d46a52b6f84a36bdee1936548,"","cpe:2.3:a:scala-lang:scala:2.1.2:*:*:*:*:*:*:*, cpe:2.3:a:scala-lang:scala-collection-compat:2.1.2:*:*:*:*:*:*:*",CVE-2022-36944,CWE-502 Deserialization of Untrusted Data,"Scala 2.13.x before 2.13.9 has a Java deserialization chain in its JAR file. On its own, it cannot be exploited. There is only a risk in conjunction with Java object deserialization within an application. In such situations, it allows attackers to erase contents of arbitrary files, make network connections, or possibly run arbitrary code (specifically, Function0 functions) via a gadget chain.",NVD,"","","",CRITICAL,9.8,CVSS:3.1/AV:N/AC:L/PR:N/UI:N/S:U/C:H/I:H/A:H/E:3.9/RC:R/MAV:A,"",26,"","","","","","","",""
kafka,"Thu, 20 Jun 2024 10:25:14 +0800",kafka_2.12-2.4.0.tgz: kafka_2.12-2.4.0.tar: scala-collection-compat_2.12-2.1.2.jar,/home/bes/software/components/kafka_2.12-2.4.0.tgz/kafka_2.12-2.4.0.tar/kafka_2.12-2.4.0/libs/scala-collection-compat_2.12-2.1.2.jar,scala-collection-compat,https://www.apache.org/licenses/LICENSE-2.0;description=Apache-2.0,c86c9319ce5c4d8ac2886a10803571f6,7a96dbe1dc17a92d46a52b6f84a36bdee1936548,"","cpe:2.3:a:scala-lang:scala:2.1.2:*:*:*:*:*:*:*, cpe:2.3:a:scala-lang:scala-collection-compat:2.1.2:*:*:*:*:*:*:*",CVE-2017-15288,CWE-732 Incorrect Permission Assignment for Critical Resource,"The compilation daemon in Scala before 2.10.7, 2.11.x before 2.11.12, and 2.12.x before 2.12.4 uses weak permissions for private files in /tmp/scala-devel/${USER:shared}/scalac-compile-server-port, which allows local users to write to arbitrary class files and consequently gain privileges.",NVD,HIGH,7.2,/AV:L/AC:L/Au:N/C:C/I:C/A:C,HIGH,7.8,CVSS:3.1/AV:L/AC:L/PR:L/UI:N/S:U/C:H/I:H/A:H/E:1.8/RC:R/MAV:A,"",26,"","","","","","","",""
kafka,"Thu, 20 Jun 2024 10:25:14 +0800",kafka_2.12-2.4.0.tgz: kafka_2.12-2.4.0.tar: scala-java8-compat_2.12-0.9.0.jar,/home/bes/software/components/kafka_2.12-2.4.0.tgz/kafka_2.12-2.4.0.tar/kafka_2.12-2.4.0/libs/scala-java8-compat_2.12-0.9.0.jar,"","",cede285db79d02d9efae0a1fb9de4014,9525fb6bbf54a9caf0f7e1b65b261215b02fe939,"",cpe:2.3:a:scala-lang:scala:0.9.0:*:*:*:*:*:*:*,CVE-2017-15288,CWE-732 Incorrect Permission Assignment for Critical Resource,"The compilation daemon in Scala before 2.10.7, 2.11.x before 2.11.12, and 2.12.x before 2.12.4 uses weak permissions for private files in /tmp/scala-devel/${USER:shared}/scalac-compile-server-port, which allows local users to write to arbitrary class files and consequently gain privileges.",NVD,HIGH,7.2,/AV:L/AC:L/Au:N/C:C/I:C/A:C,HIGH,7.8,CVSS:3.1/AV:L/AC:L/PR:L/UI:N/S:U/C:H/I:H/A:H/E:1.8/RC:R/MAV:A,"",20,"","","","","","","",""
kafka,"Thu, 20 Jun 2024 10:25:14 +0800",kafka_2.12-2.4.0.tgz: kafka_2.12-2.4.0.tar: snappy-java-1.1.7.3.jar,/home/bes/software/components/kafka_2.12-2.4.0.tgz/kafka_2.12-2.4.0.tar/kafka_2.12-2.4.0/libs/snappy-java-1.1.7.3.jar,snappy-java: A fast compression/decompression library,http://www.apache.org/licenses/LICENSE-2.0.txt,069c880d31204a1a0fc28a4054f5372a,241bb74a1eb37d68a4e324a4bc3865427de0a62d,"",cpe:2.3:a:xerial:snappy-java:1.1.7.3:*:*:*:*:*:*:*,CVE-2023-34453,CWE-190 Integer Overflow or Wraparound,"snappy-java is a fast compressor/decompressor for Java. Due to unchecked multiplications, an integer overflow may occur in versions prior to 1.1.10.1, causing a fatal error.  The function `shuffle(int[] input)` in the file `BitShuffle.java` receives an array of integers and applies a bit shuffle on it. It does so by multiplying the length by 4 and passing it to the natively compiled shuffle function. Since the length is not tested, the multiplication by four can cause an integer overflow and become a smaller value than the true size, or even zero or negative. In the case of a negative value, a `java.lang.NegativeArraySizeException` exception will raise, which can crash the program. In a case of a value that is zero or too small, the code that afterwards references the shuffled array will assume a bigger size of the array, which might cause exceptions such as `java.lang.ArrayIndexOutOfBoundsException`.  The same issue exists also when using the `shuffle` functions that receive a double, float, long and short, each using a different multiplier that may cause the same issue.  Version 1.1.10.1 contains a patch for this vulnerability.",NVD,"","","",HIGH,7.5,CVSS:3.1/AV:N/AC:L/PR:N/UI:N/S:U/C:N/I:N/A:H/E:3.9/RC:R/MAV:A,"",23,"","","","","","","",""
kafka,"Thu, 20 Jun 2024 10:25:14 +0800",kafka_2.12-2.4.0.tgz: kafka_2.12-2.4.0.tar: snappy-java-1.1.7.3.jar,/home/bes/software/components/kafka_2.12-2.4.0.tgz/kafka_2.12-2.4.0.tar/kafka_2.12-2.4.0/libs/snappy-java-1.1.7.3.jar,snappy-java: A fast compression/decompression library,http://www.apache.org/licenses/LICENSE-2.0.txt,069c880d31204a1a0fc28a4054f5372a,241bb74a1eb37d68a4e324a4bc3865427de0a62d,"",cpe:2.3:a:xerial:snappy-java:1.1.7.3:*:*:*:*:*:*:*,CVE-2023-34454,CWE-190 Integer Overflow or Wraparound,"snappy-java is a fast compressor/decompressor for Java. Due to unchecked multiplications, an integer overflow may occur in versions prior to 1.1.10.1, causing an unrecoverable fatal error.  The function `compress(char[] input)` in the file `Snappy.java` receives an array of characters and compresses it. It does so by multiplying the length by 2 and passing it to the rawCompress` function.  Since the length is not tested, the multiplication by two can cause an integer overflow and become negative. The rawCompress function then uses the received length and passes it to the natively compiled maxCompressedLength function, using the returned value to allocate a byte array.  Since the maxCompressedLength function treats the length as an unsigned integer, it doesn���t care that it is negative, and it returns a valid value, which is casted to a signed integer by the Java engine. If the result is negative, a `java.lang.NegativeArraySizeException` exception will be raised while trying to allocate the array `buf`. On the other side, if the result is positive, the `buf` array will successfully be allocated, but its size might be too small to use for the compression, causing a fatal Access Violation error.  The same issue exists also when using the `compress` functions that receive double, float, int, long and short, each using a different multiplier that may cause the same issue. The issue most likely won���t occur when using a byte array, since creating a byte array of size 0x80000000 (or any other negative value) is impossible in the first place.  Version 1.1.10.1 contains a patch for this issue.",NVD,"","","",HIGH,7.5,CVSS:3.1/AV:N/AC:L/PR:N/UI:N/S:U/C:N/I:N/A:H/E:3.9/RC:R/MAV:A,"",23,"","","","","","","",""
kafka,"Thu, 20 Jun 2024 10:25:14 +0800",kafka_2.12-2.4.0.tgz: kafka_2.12-2.4.0.tar: snappy-java-1.1.7.3.jar,/home/bes/software/components/kafka_2.12-2.4.0.tgz/kafka_2.12-2.4.0.tar/kafka_2.12-2.4.0/libs/snappy-java-1.1.7.3.jar,snappy-java: A fast compression/decompression library,http://www.apache.org/licenses/LICENSE-2.0.txt,069c880d31204a1a0fc28a4054f5372a,241bb74a1eb37d68a4e324a4bc3865427de0a62d,"",cpe:2.3:a:xerial:snappy-java:1.1.7.3:*:*:*:*:*:*:*,CVE-2023-34455,CWE-770 Allocation of Resources Without Limits or Throttling,"snappy-java is a fast compressor/decompressor for Java. Due to use of an unchecked chunk length, an unrecoverable fatal error can occur in versions prior to 1.1.10.1.  The code in the function hasNextChunk in the fileSnappyInputStream.java checks if a given stream has more chunks to read. It does that by attempting to read 4 bytes. If it wasn���t possible to read the 4 bytes, the function returns false. Otherwise, if 4 bytes were available, the code treats them as the length of the next chunk.  In the case that the `compressed` variable is null, a byte array is allocated with the size given by the input data. Since the code doesn���t test the legality of the `chunkSize` variable, it is possible to pass a negative number (such as 0xFFFFFFFF which is -1), which will cause the code to raise a `java.lang.NegativeArraySizeException` exception. A worse case would happen when passing a huge positive value (such as 0x7FFFFFFF), which would raise the fatal `java.lang.OutOfMemoryError` error.  Version 1.1.10.1 contains a patch for this issue.",NVD,"","","",HIGH,7.5,CVSS:3.1/AV:N/AC:L/PR:N/UI:N/S:U/C:N/I:N/A:H/E:3.9/RC:R/MAV:A,"",23,"","","","","","","",""
kafka,"Thu, 20 Jun 2024 10:25:14 +0800",kafka_2.12-2.4.0.tgz: kafka_2.12-2.4.0.tar: snappy-java-1.1.7.3.jar,/home/bes/software/components/kafka_2.12-2.4.0.tgz/kafka_2.12-2.4.0.tar/kafka_2.12-2.4.0/libs/snappy-java-1.1.7.3.jar,snappy-java: A fast compression/decompression library,http://www.apache.org/licenses/LICENSE-2.0.txt,069c880d31204a1a0fc28a4054f5372a,241bb74a1eb37d68a4e324a4bc3865427de0a62d,"",cpe:2.3:a:xerial:snappy-java:1.1.7.3:*:*:*:*:*:*:*,CVE-2023-43642,CWE-770 Allocation of Resources Without Limits or Throttling,"snappy-java is a Java port of the snappy, a fast C++ compresser/decompresser developed by Google. The SnappyInputStream was found to be vulnerable to Denial of Service (DoS) attacks when decompressing data with a too large chunk size. Due to missing upper bound check on chunk length, an unrecoverable fatal error can occur. All versions of snappy-java including the latest released version 1.1.10.3 are vulnerable to this issue. A fix has been introduced in commit `9f8c3cf74` which will be included in the 1.1.10.4 release. Users are advised to upgrade. Users unable to upgrade should only accept compressed data from trusted sources.",NVD,"","","",HIGH,7.5,CVSS:3.1/AV:N/AC:L/PR:N/UI:N/S:U/C:N/I:N/A:H/E:3.9/RC:R/MAV:A,"",23,"","","","","","","",""
kafka,"Thu, 20 Jun 2024 10:25:14 +0800",kafka_2.12-2.4.0.tgz: kafka_2.12-2.4.0.tar: zookeeper-3.5.6.jar,/home/bes/software/components/kafka_2.12-2.4.0.tgz/kafka_2.12-2.4.0.tar/kafka_2.12-2.4.0/libs/zookeeper-3.5.6.jar,ZooKeeper server,"",6711f9f71e5f6605f51a7c33ca59b336,605a70bdc3306e92d94df3b6258809ba87e9b45b,pkg:maven/org.apache.zookeeper/zookeeper@3.5.6,cpe:2.3:a:apache:zookeeper:3.5.6:*:*:*:*:*:*:*,CVE-2023-44981,CWE-639 Authorization Bypass Through User-Controlled Key,"Authorization Bypass Through User-Controlled Key vulnerability in Apache ZooKeeper. If SASL Quorum Peer authentication is enabled in ZooKeeper (quorum.auth.enableSasl=true), the authorization is done by verifying that the instance part in SASL authentication ID is listed in zoo.cfg server list. The instance part in SASL auth ID is optional and if it's missing, like 'eve@EXAMPLE.COM', the authorization check will be skipped.��As a result an arbitrary endpoint could join the cluster and begin propagating counterfeit changes to the leader, essentially giving it complete read-write access to the data tree.��Quorum Peer authentication is not enabled by default.  Users are recommended to upgrade to version 3.9.1, 3.8.3, 3.7.2, which fixes the issue.  Alternately ensure the ensemble election/quorum communication is protected by a firewall as this will mitigate the issue.  See the documentation for more details on correct cluster administration.",NVD,"","","",CRITICAL,9.1,CVSS:3.1/AV:N/AC:L/PR:N/UI:N/S:U/C:H/I:H/A:N/E:3.9/RC:R/MAV:A,HIGH,26,"","","","","","","",""
